{
"type": "FeatureCollection",
"name": "polygons",
"crs": { "type": "name", "properties": { "name": "urn:ogc:def:crs:OGC:1.3:CRS84" } },
"features": [
{ "type": "Feature", "properties": { "gid": "0" }, "geometry": { "type": "Polygon", "coordinates": [ [ [ -85.555376986669316, 32.547462988774406 ], [ -85.555352930607214, 32.547598999398119 ], [ -85.555349996941104, 32.547658985316808 ], [ -85.555337927000522, 32.54786996020831 ], [ -85.555431971954107, 32.548031971066038 ], [ -85.555503972502365, 32.548168969988843 ], [ -85.555521993594184, 32.548385949288708 ], [ -85.555488968895673, 32.548466989615584 ], [ -85.555476982774138, 32.548529942425816 ], [ -85.5555159586239, 32.548754975398829 ], [ -85.555566920595169, 32.54888194037833 ], [ -85.555620983870625, 32.548976969697343 ], [ -85.555639926971807, 32.549009964983824 ], [ -85.555712933348431, 32.549072988066939 ], [ -85.555764984967112, 32.549090934093719 ], [ -85.555977969126701, 32.549165968229829 ], [ -85.55621098603487, 32.549258948296412 ], [ -85.556336966039538, 32.549341966131614 ], [ -85.556357920797467, 32.549387961511954 ], [ -85.556356998788132, 32.549414951109696 ], [ -85.556376947717652, 32.549504963479166 ], [ -85.556353981302976, 32.54959398661294 ], [ -85.55625499102652, 32.54980997332531 ], [ -85.556176955507993, 32.550043976007146 ], [ -85.556175949679627, 32.55010593857164 ], [ -85.556195982428207, 32.550178993581355 ], [ -85.556247950227856, 32.550278967216862 ], [ -85.556336966039538, 32.550399995221653 ], [ -85.556441991286277, 32.55034799488466 ], [ -85.55666394408226, 32.550318956639877 ], [ -85.556828983755707, 32.550418930119484 ], [ -85.556920933233485, 32.550656958401248 ], [ -85.556884974868879, 32.550864958852536 ], [ -85.556872988747344, 32.551033958864309 ], [ -85.556954963760376, 32.551162969528697 ], [ -85.557106927664861, 32.551281947435996 ], [ -85.556923950718627, 32.551526967950167 ], [ -85.556917999567375, 32.551708966607343 ], [ -85.556963932396755, 32.552015947201845 ], [ -85.557103993998766, 32.552234966086658 ], [ -85.557360983149991, 32.552403963518948 ], [ -85.557524933176012, 32.55248394045374 ], [ -85.557582935945959, 32.552612949034028 ], [ -85.557979986699195, 32.553119938241203 ], [ -85.557826933147282, 32.553228951850755 ], [ -85.557638927059159, 32.553515933253941 ], [ -85.557555946217761, 32.553684998924325 ], [ -85.557578996451468, 32.553863955260624 ], [ -85.557718974234433, 32.554051954406852 ], [ -85.557823999481187, 32.554387963925556 ], [ -85.557915948958978, 32.554566989509517 ], [ -85.557959953950629, 32.55470298936914 ], [ -85.557962971435771, 32.554803947053735 ], [ -85.557932964222402, 32.554939946554278 ], [ -85.557857946189017, 32.555056941284398 ], [ -85.557857946189017, 32.555110987711473 ], [ -85.558009993912563, 32.555437950239039 ], [ -85.557864986987695, 32.555639934489591 ], [ -85.557875967280836, 32.55570097476128 ], [ -85.55788493591723, 32.555798964092084 ], [ -85.557862975330906, 32.555892997011874 ], [ -85.557817964510903, 32.555997980305548 ], [ -85.55778896312593, 32.556034999957205 ], [ -85.557762979226084, 32.55606898172325 ], [ -85.557697935657487, 32.556139983084769 ], [ -85.557665916787357, 32.55615799834667 ], [ -85.557612943159327, 32.55615799834667 ], [ -85.557527950661154, 32.556138994011455 ], [ -85.557400964828133, 32.556091942368681 ], [ -85.557240954296574, 32.556107979492943 ], [ -85.55710198234199, 32.556133977996659 ], [ -85.557083961250171, 32.556146977245703 ], [ -85.556960998730645, 32.556188942199839 ], [ -85.556795959057183, 32.55627393176907 ], [ -85.556623962404132, 32.556406961830966 ], [ -85.556503933550715, 32.556548963963031 ], [ -85.556450959922685, 32.55665599527228 ], [ -85.556439979629516, 32.556785986921739 ], [ -85.556298996018171, 32.556899941403046 ], [ -85.55618097882153, 32.557028943635629 ], [ -85.55612498770833, 32.557123964329101 ], [ -85.556164969386458, 32.557250988117566 ], [ -85.556235964106321, 32.557408955158742 ], [ -85.556231940792799, 32.557522979495957 ], [ -85.5561489599514, 32.557763956103749 ], [ -85.556080982716679, 32.557829940204243 ], [ -85.556013927491321, 32.55790595608854 ], [ -85.55603194858314, 32.558006980816529 ], [ -85.556132950516343, 32.558097973621038 ], [ -85.556169998528361, 32.558136970509018 ], [ -85.556101937474622, 32.558484974595814 ], [ -85.55606195579648, 32.558520933528257 ], [ -85.556029936926365, 32.558547991025883 ], [ -85.555986937763109, 32.558564946111616 ], [ -85.555954918892994, 32.558564946111616 ], [ -85.555879984678654, 32.558542975145748 ], [ -85.55575392085494, 32.558626973439644 ], [ -85.555706982197165, 32.558627962485531 ], [ -85.55569792974174, 32.558651982167966 ], [ -85.555728942783475, 32.558742974318434 ], [ -85.555769930289983, 32.558806979611234 ], [ -85.555832962201833, 32.558877978806436 ], [ -85.555735983582167, 32.558958939014232 ], [ -85.555670940013528, 32.559003940424496 ], [ -85.555627940850258, 32.559046963729685 ], [ -85.555625929193496, 32.559138944519894 ], [ -85.555657948063612, 32.559183945839877 ], [ -85.55580496664524, 32.559302983759622 ], [ -85.555928934993162, 32.55956493727259 ], [ -85.555943938599825, 32.55993596612845 ], [ -85.55595399688363, 32.559952991597029 ], [ -85.55595399688363, 32.559971995124513 ], [ -85.556005964683294, 32.560017985057279 ], [ -85.556155916931033, 32.560019963118378 ], [ -85.556272928299293, 32.560028935037792 ], [ -85.556303941341042, 32.560047938549197 ], [ -85.556376947717652, 32.560129957375672 ], [ -85.556387928010821, 32.560148960865682 ], [ -85.556361944110989, 32.560453934539538 ], [ -85.556315927462578, 32.560670954785287 ], [ -85.556226995469927, 32.560885996464179 ], [ -85.556181984649896, 32.561056955644041 ], [ -85.556201933579445, 32.561102945020721 ], [ -85.556232946621165, 32.561147945355728 ], [ -85.556242921085953, 32.561192945668154 ], [ -85.556273934127674, 32.561274963447985 ], [ -85.556272928299293, 32.561355992137045 ], [ -85.556163963558078, 32.561516989637731 ], [ -85.555989955248236, 32.561703983739484 ], [ -85.555934969963431, 32.561820969651066 ], [ -85.555933964135065, 32.561865969625956 ], [ -85.555943938599825, 32.561910969578271 ], [ -85.555974951641574, 32.561992986701732 ], [ -85.555878978850245, 32.562018983500415 ], [ -85.55576096165359, 32.562015945831391 ], [ -85.555475976945772, 32.561914996260498 ], [ -85.555421997489347, 32.56191393660729 ], [ -85.555336921172156, 32.561939933428874 ], [ -85.555228962259307, 32.561983944335211 ], [ -85.555153944225921, 32.562055930024712 ], [ -85.555024946736111, 32.562098951866545 ], [ -85.554895949246315, 32.562160976751613 ], [ -85.554884968953147, 32.562178990804725 ], [ -85.554873988659992, 32.562259948034075 ], [ -85.554851944254665, 32.562304947788803 ], [ -85.554679947601585, 32.562383997538745 ], [ -85.554444919036655, 32.562443973576009 ], [ -85.554241993160872, 32.562440935921373 ], [ -85.554156916843695, 32.562451956249319 ], [ -85.554102937387256, 32.562457960914628 ], [ -85.55402599151617, 32.562456971910947 ], [ -85.554006964595956, 32.562465943586695 ], [ -85.553984920190615, 32.562510943238081 ], [ -85.553984920190615, 32.562527968218049 ], [ -85.554014927403955, 32.562646931058453 ], [ -85.554024985687761, 32.562718986858926 ], [ -85.55402397985938, 32.562736930157108 ], [ -85.55401299956624, 32.562754944094593 ], [ -85.553969916583924, 32.562789982958691 ], [ -85.55391694295588, 32.562806937242861 ], [ -85.553841924922509, 32.562806937242861 ], [ -85.553809989871439, 32.562797965601227 ], [ -85.553756932424335, 32.562814990526725 ], [ -85.553724997373251, 32.562841976086659 ], [ -85.55367898072484, 32.563020984804972 ], [ -85.55367898072484, 32.563039987682671 ], [ -85.553656936319513, 32.563039987682671 ], [ -85.553538919122857, 32.563135991006973 ], [ -85.553302968548579, 32.563206986776763 ], [ -85.552801982196016, 32.563227967605428 ], [ -85.551800931500253, 32.563261946647529 ], [ -85.551746952043842, 32.563278971484976 ], [ -85.551714933173713, 32.563304967911037 ], [ -85.551670928182091, 32.563366991962376 ], [ -85.551648967595767, 32.563421951735116 ], [ -85.551647961767387, 32.563475993124072 ], [ -85.551730942608771, 32.563621940032775 ], [ -85.551781988399085, 32.563739983075187 ], [ -85.551781988399085, 32.563766968356909 ], [ -85.551770924286899, 32.563793953630515 ], [ -85.551737983407449, 32.563836974638924 ], [ -85.551650979252528, 32.563926972543825 ], [ -85.551500943185744, 32.564005950222743 ], [ -85.551297933490943, 32.564040988598265 ], [ -85.550978918256234, 32.564027990492811 ], [ -85.55079694713838, 32.564061969231901 ], [ -85.550764928268279, 32.564078993917541 ], [ -85.550721929105009, 32.564114950608129 ], [ -85.550602989898991, 32.56423094439193 ], [ -85.550439961882319, 32.564435946437236 ], [ -85.550394951062287, 32.564534985851608 ], [ -85.550360920535411, 32.564660939528054 ], [ -85.550333930807199, 32.565039929753773 ], [ -85.550321944685663, 32.565102941580164 ], [ -85.550255979107718, 32.565271985420416 ], [ -85.550123964132766, 32.565523961167742 ], [ -85.55001298773476, 32.565792960567677 ], [ -85.549784999968495, 32.566070930476251 ], [ -85.549492974462012, 32.566346992242011 ], [ -85.549244953947166, 32.566532987318077 ], [ -85.548815968142861, 32.566698990953164 ], [ -85.548302995668777, 32.566836950336167 ], [ -85.547809972124227, 32.56697695805429 ], [ -85.547457932191008, 32.567035942067882 ], [ -85.547232961909884, 32.567087932735149 ], [ -85.547008997457155, 32.567137945468147 ], [ -85.546687970565699, 32.567224973208248 ], [ -85.546580933662199, 32.567258950736452 ], [ -85.546515973912619, 32.567295965742147 ], [ -85.546482949214123, 32.567393942410582 ], [ -85.546439950050839, 32.567438939590147 ], [ -85.546385970594429, 32.567455963634941 ], [ -85.546310952561043, 32.567455963634941 ], [ -85.546118923159383, 32.567506965110752 ], [ -85.546053963409804, 32.567569975204272 ], [ -85.545924965919994, 32.567666962627193 ], [ -85.545815917359761, 32.567773980674275 ], [ -85.545666970940388, 32.567790934016557 ], [ -85.545526993157424, 32.56785295496644 ], [ -85.545472929881953, 32.567914975873414 ], [ -85.545439989002503, 32.567967954974122 ], [ -85.545428924890331, 32.568004969687259 ], [ -85.545468990387462, 32.56818495704406 ], [ -85.54547795902387, 32.568248955601156 ], [ -85.5454349598606, 32.568310976234343 ], [ -85.545240918802179, 32.568443988449971 ], [ -85.545079986261285, 32.568522962152251 ], [ -85.544809921341098, 32.568744978189585 ], [ -85.54473699878352, 32.568844931141882 ], [ -85.54539196069733, 32.56887996762741 ], [ -85.546148930372752, 32.568915993031723 ], [ -85.546399968372725, 32.568918959829084 ], [ -85.547237991051801, 32.568872974459005 ], [ -85.547442928584346, 32.569194942192297 ], [ -85.547533956052789, 32.569391950838714 ], [ -85.547579972701186, 32.569529976717575 ], [ -85.547601933287496, 32.569594963240014 ], [ -85.547646944107527, 32.569800941950014 ], [ -85.547647949935936, 32.570315957292529 ], [ -85.547648955764288, 32.570503992605751 ], [ -85.547644932450766, 32.570691956888126 ], [ -85.547636969642753, 32.571006995726428 ], [ -85.547591958822721, 32.57290497535655 ], [ -85.54757896687282, 32.573469982077675 ], [ -85.547534961881155, 32.573962938528304 ], [ -85.547451981039771, 32.574451936783618 ], [ -85.54721594664646, 32.575528952570806 ], [ -85.546960969151996, 32.576695940516487 ], [ -85.546788972498931, 32.57747394758681 ], [ -85.546664920331963, 32.577958971365803 ], [ -85.546589986117624, 32.578148968315638 ], [ -85.546547992782735, 32.578256962684996 ], [ -85.546479931728967, 32.578428948217258 ], [ -85.546457971142672, 32.578468995725054 ], [ -85.546229983376406, 32.578881971362769 ], [ -85.545923960091613, 32.579312955710598 ], [ -85.545479970680645, 32.579851930435105 ], [ -85.545324989290975, 32.580040934564011 ], [ -85.544641948001569, 32.580870965916887 ], [ -85.544293931381873, 32.581293959708184 ], [ -85.544255961360506, 32.581340998133058 ], [ -85.543963935854009, 32.58175494933333 ], [ -85.543724967794603, 32.582198985972674 ], [ -85.54364198695319, 32.58241899058681 ], [ -85.543547941999634, 32.582672966349598 ], [ -85.543424979480079, 32.583035989410945 ], [ -85.543275949241703, 32.58347394582087 ], [ -85.543176958965248, 32.583765986198529 ], [ -85.54306497673889, 32.584096940601093 ], [ -85.54300999145407, 32.584250975940286 ], [ -85.542757947625716, 32.584955961446425 ], [ -85.54258494514427, 32.585436989749205 ], [ -85.542208932967981, 32.586490991353166 ], [ -85.542044982941945, 32.586947999319811 ], [ -85.542007934929927, 32.587064952305397 ], [ -85.541893941046794, 32.587434949302512 ], [ -85.541885978238781, 32.587469978524858 ], [ -85.541864939661849, 32.587566944425845 ], [ -85.541786987962325, 32.587923944708571 ], [ -85.541763937728618, 32.588129951939862 ], [ -85.541732924686869, 32.588413996787061 ], [ -85.541725967707265, 32.588618943554323 ], [ -85.541676933573697, 32.589955958999631 ], [ -85.541660924138625, 32.590394940917335 ], [ -85.541650949673866, 32.590720998006105 ], [ -85.541632928582047, 32.591345990409167 ], [ -85.541622954117287, 32.591723949801754 ], [ -85.541618930803736, 32.591875994675824 ], [ -85.541617924975355, 32.592276973835759 ], [ -85.541617924975355, 32.592356985841562 ], [ -85.541615997137626, 32.592699984425039 ], [ -85.541615997137626, 32.592854993648587 ], [ -85.541616919147003, 32.592904992010659 ], [ -85.541620942460511, 32.593081963390141 ], [ -85.541632928582047, 32.593669935224518 ], [ -85.541625971602414, 32.593749945986652 ], [ -85.541640975209091, 32.593939980087697 ], [ -85.541639969380711, 32.594436990446688 ], [ -85.541621948288906, 32.594843960644418 ], [ -85.541615997137626, 32.59496598778756 ], [ -85.541590935247157, 32.595511930106682 ], [ -85.541579954954003, 32.595760996206494 ], [ -85.54157299797437, 32.595916988769837 ], [ -85.541515917213758, 32.596921930276437 ], [ -85.541477947192419, 32.597713955497035 ], [ -85.541445928322304, 32.598357965137474 ], [ -85.541438971342671, 32.598510987361529 ], [ -85.541343920560706, 32.600484929436689 ], [ -85.540557949500311, 32.600568959060034 ], [ -85.539517922954801, 32.600703971197348 ], [ -85.53799392532018, 32.600895967709583 ], [ -85.53521792280884, 32.60124196994758 ], [ -85.533415981265037, 32.601460939244888 ], [ -85.532831930252058, 32.601532963856471 ], [ -85.532263972493155, 32.601612967597319 ], [ -85.530547945456874, 32.60182099111163 ], [ -85.530375948803794, 32.601841962905496 ], [ -85.528447943436305, 32.602084938785779 ], [ -85.526075948657834, 32.602364985146764 ], [ -85.525246978434183, 32.602464971229971 ], [ -85.523283936711422, 32.602732941856054 ], [ -85.523273962246662, 32.601587970849252 ], [ -85.523270944761506, 32.601375992496223 ], [ -85.523257952811605, 32.60124196994758 ], [ -85.523238925891391, 32.600110961350396 ], [ -85.523239931719772, 32.600036958417185 ], [ -85.523242949204928, 32.599609957474094 ], [ -85.523263987781874, 32.599502977425033 ], [ -85.523341939481384, 32.599110998609262 ], [ -85.523672940837614, 32.598395955912451 ], [ -85.523833957197525, 32.598204942652039 ], [ -85.523883997159459, 32.598135951810569 ], [ -85.523907969402543, 32.598103963203812 ], [ -85.523920961352445, 32.598085956367164 ], [ -85.524055993812539, 32.597782946663457 ], [ -85.524185997130743, 32.597204958637775 ], [ -85.524216926353446, 32.596994947159828 ], [ -85.524234947445251, 32.596777944197626 ], [ -85.524241988243929, 32.596403960638298 ], [ -85.524251962708689, 32.596133993817126 ], [ -85.524251962708689, 32.596112950070498 ], [ -85.524250956880309, 32.59607997210864 ], [ -85.524248945223547, 32.59591395224902 ], [ -85.524241988243929, 32.595125936308598 ], [ -85.524220949666969, 32.59441997152431 ], [ -85.524155989917375, 32.593980938704028 ], [ -85.524146937461978, 32.593924938384227 ], [ -85.524001930537082, 32.593445932957977 ], [ -85.523784923063971, 32.59298599212277 ], [ -85.523510918649293, 32.592545963605232 ], [ -85.522940949233671, 32.5916639933453 ], [ -85.522695946203953, 32.591212941544107 ], [ -85.522615982847697, 32.59104295791375 ], [ -85.522565942885763, 32.590935967636263 ], [ -85.522492936509138, 32.590763935476723 ], [ -85.522264948742873, 32.590110972969356 ], [ -85.522204934316164, 32.589904970291308 ], [ -85.522135951253077, 32.5897109728215 ], [ -85.52188692490985, 32.58890793041197 ], [ -85.521840992080456, 32.588731939504022 ], [ -85.521705959620363, 32.58832995576492 ], [ -85.52161794963709, 32.588117946046339 ], [ -85.521513930218731, 32.587867940603957 ], [ -85.521445952983996, 32.587742937621272 ], [ -85.521287954109212, 32.587510940098163 ], [ -85.521182928862473, 32.58736093590057 ], [ -85.521076981606384, 32.587233954749905 ], [ -85.520696946116601, 32.586840933530134 ], [ -85.520532996090566, 32.586704982392568 ], [ -85.520286987232495, 32.586498971886243 ], [ -85.520084983366061, 32.586342962929287 ], [ -85.518637931602541, 32.585157949860331 ], [ -85.51854992161924, 32.58508499395775 ], [ -85.518477921070996, 32.585023973679974 ], [ -85.517685998859378, 32.584355996673175 ], [ -85.517578123765546, 32.584262346718234 ], [ -85.517382993059712, 32.58409298554075 ], [ -85.516996922599645, 32.58434095336122 ], [ -85.516390994819375, 32.584729959884335 ], [ -85.516035937401028, 32.584970934029784 ], [ -85.515885985153304, 32.585060981353394 ], [ -85.515457921358347, 32.585360997195338 ], [ -85.515389944123612, 32.585411988488588 ], [ -85.514913935842515, 32.585767937982652 ], [ -85.514539935323, 32.586023952369871 ], [ -85.514087983103991, 32.586332934277223 ], [ -85.513935935380474, 32.586437952570989 ], [ -85.513311986508398, 32.586918972921126 ], [ -85.512670938553853, 32.587364961440223 ], [ -85.512502965214281, 32.587484950688314 ], [ -85.511355985584302, 32.588306932748459 ], [ -85.511125986161289, 32.58847296670092 ], [ -85.511088938149271, 32.588498955824285 ], [ -85.510502959298563, 32.588923961669316 ], [ -85.509832993778076, 32.589410971539067 ], [ -85.509231927501645, 32.5898919759344 ], [ -85.508972926693644, 32.590107936251812 ], [ -85.50864091950902, 32.59038399464405 ], [ -85.508461965876307, 32.590552990830403 ], [ -85.508174969511714, 32.590779966402081 ], [ -85.507541968184213, 32.591303971282571 ], [ -85.50745999317121, 32.591371978699442 ], [ -85.506854987400274, 32.591837930516505 ], [ -85.506803941609974, 32.591869991980168 ], [ -85.506628927471766, 32.591979947176981 ], [ -85.506423989939208, 32.592103955573627 ], [ -85.50632097634923, 32.592155931707062 ], [ -85.505976983043098, 32.592299995832384 ], [ -85.505681940051446, 32.591807987641417 ], [ -85.504481986793422, 32.589800944761777 ], [ -85.503968930500307, 32.588911955882153 ], [ -85.503627954679288, 32.588264982819844 ], [ -85.503283961373157, 32.587544980563791 ], [ -85.503029989707045, 32.58694693996236 ], [ -85.50276998307065, 32.586272974214367 ], [ -85.502587928133778, 32.585723938746753 ], [ -85.502497990312762, 32.585452951002338 ], [ -85.502282994496412, 32.58469394083275 ], [ -85.501344975712499, 32.581017943949064 ], [ -85.501276998477778, 32.580811991002022 ], [ -85.501136936875781, 32.580474950384968 ], [ -85.5010029940631, 32.58021298730354 ], [ -85.500772994640073, 32.57984995281133 ], [ -85.500594963016724, 32.579606987271717 ], [ -85.500453979405378, 32.579441996343903 ], [ -85.500397988292178, 32.579375957509889 ], [ -85.500185926141953, 32.579154956608917 ], [ -85.499959950032448, 32.578943984643004 ], [ -85.499782924237465, 32.578791988463024 ], [ -85.49959894146285, 32.578647973257382 ], [ -85.499336923169707, 32.578467936267415 ], [ -85.498988990369071, 32.578268969899192 ], [ -85.498338973778132, 32.577933968019749 ], [ -85.498058934393171, 32.57779793274365 ], [ -85.497817954676989, 32.577662956728339 ], [ -85.498034962150086, 32.577280982686013 ], [ -85.498141999053601, 32.57707699884012 ], [ -85.498263955744733, 32.576813966353875 ], [ -85.498338973778132, 32.576610970293231 ], [ -85.498405945184459, 32.576333951267202 ], [ -85.498560926574115, 32.575853933611015 ], [ -85.499189988407124, 32.573654973503523 ], [ -85.49930096480513, 32.573241973792996 ], [ -85.499381933989739, 32.573004994307809 ], [ -85.499464998650168, 32.572909990433743 ], [ -85.499545967834806, 32.572661990998995 ], [ -85.499854924785723, 32.571583951877891 ], [ -85.499858948099259, 32.571564950810064 ], [ -85.50011199775598, 32.57058699078727 ], [ -85.500437969970307, 32.569568968636688 ], [ -85.500451967748617, 32.56943193174461 ], [ -85.50045892472825, 32.569408974512839 ], [ -85.500546934711551, 32.569124940091463 ], [ -85.50057895358168, 32.569025976382463 ], [ -85.500590939703173, 32.56899595525001 ], [ -85.5007249663349, 32.568643965552205 ], [ -85.500738964113211, 32.568610977484461 ], [ -85.500803923862776, 32.568456985915589 ], [ -85.500923952716192, 32.568170970598359 ], [ -85.501118999602994, 32.567863974629581 ], [ -85.501280937972268, 32.567694935673615 ], [ -85.501410941290459, 32.567454974686356 ], [ -85.50176499288041, 32.566798946185266 ], [ -85.501856942358231, 32.566628986904497 ], [ -85.501935983705096, 32.566493994079231 ], [ -85.501977977039985, 32.566420952350732 ], [ -85.502057940396256, 32.566283981289445 ], [ -85.502243934827632, 32.565966947932758 ], [ -85.502254998939804, 32.565946956709851 ], [ -85.50228391650576, 32.565893976415531 ], [ -85.502962934481673, 32.564667933024815 ], [ -85.502995959180168, 32.564607958474255 ], [ -85.50306393641489, 32.56448998721541 ], [ -85.503255965816535, 32.564157971462627 ], [ -85.503268957766451, 32.564041977584466 ], [ -85.503337940829567, 32.563928950518736 ], [ -85.503467944147744, 32.563693995050201 ], [ -85.503631977992811, 32.563398992965261 ], [ -85.503823923575439, 32.563053974928359 ], [ -85.503939929115347, 32.562796976601312 ], [ -85.503950993227519, 32.562780940672489 ], [ -85.504157942416811, 32.562478941918457 ], [ -85.504255926864886, 32.562316957138677 ], [ -85.504406968760051, 32.562018983500415 ], [ -85.504722966509604, 32.561398943670525 ], [ -85.504797984542989, 32.56124797741672 ], [ -85.505033935117268, 32.56078094824457 ], [ -85.505042987572679, 32.560763993577545 ], [ -85.50515597562746, 32.560488974302245 ], [ -85.505260917055139, 32.560233946684406 ], [ -85.505876986938247, 32.559094932218073 ], [ -85.506474951910491, 32.55885297014111 ], [ -85.50733392934751, 32.55852298226857 ], [ -85.508369932579498, 32.558100940776157 ], [ -85.509490928309631, 32.557661942045641 ], [ -85.510454930993376, 32.557265965326614 ], [ -85.51139596726243, 32.556884964132919 ], [ -85.511467967810674, 32.55685493893764 ], [ -85.511983957769914, 32.556645963300205 ], [ -85.512240946921139, 32.5565279815726 ], [ -85.512389977159543, 32.556468990650622 ], [ -85.513747929292336, 32.555925989756027 ], [ -85.514034925656929, 32.555812952466553 ], [ -85.516827943431693, 32.554677979540287 ], [ -85.516884940373288, 32.554653958794162 ], [ -85.517578123765546, 32.554358432441333 ], [ -85.51774592946704, 32.554286935123478 ], [ -85.518201988818589, 32.554082969635914 ], [ -85.519102959590484, 32.553653983557744 ], [ -85.519980963947702, 32.553209946895301 ], [ -85.521276973816057, 32.552503934676309 ], [ -85.522535935672408, 32.551747966271577 ], [ -85.523208918678051, 32.551309996242708 ], [ -85.523820965247623, 32.55091095345248 ], [ -85.52396496634411, 32.550809991388832 ], [ -85.524217932181827, 32.550631947444941 ], [ -85.525398942338668, 32.549769983675539 ], [ -85.526552962767312, 32.548889994911875 ], [ -85.527206918852769, 32.548383970971187 ], [ -85.527701954054052, 32.547999964583092 ], [ -85.528141920151512, 32.547663931150481 ], [ -85.529257132368471, 32.54681317309592 ], [ -85.531009955959689, 32.545475938385032 ], [ -85.532357933627708, 32.544445972868438 ], [ -85.533534920471041, 32.543556958350933 ], [ -85.533918979274361, 32.543255954778964 ], [ -85.534504958125069, 32.542830944495996 ], [ -85.535126979159429, 32.542402964527284 ], [ -85.53554599049896, 32.542132976444655 ], [ -85.535978999616802, 32.541870972054163 ], [ -85.536288962396085, 32.541682947396602 ], [ -85.536396921308949, 32.54161794065903 ], [ -85.537274925666139, 32.54112996466764 ], [ -85.537726961704166, 32.540896998652265 ], [ -85.537988979997294, 32.540772990108209 ], [ -85.539579949038284, 32.540050981406154 ], [ -85.539861916260975, 32.539925982441808 ], [ -85.540268941478956, 32.539746998319359 ], [ -85.546508933113955, 32.536996971601646 ], [ -85.549436983348826, 32.53571598071877 ], [ -85.552263947831449, 32.534463944281988 ], [ -85.553095935540242, 32.534099947346327 ], [ -85.555096947284355, 32.533222984974607 ], [ -85.555929940821542, 32.532856933683831 ], [ -85.555926923336386, 32.533047944804096 ], [ -85.555934969963431, 32.533182987937039 ], [ -85.555954918892994, 32.533318949525636 ], [ -85.555931952478289, 32.53339095820462 ], [ -85.555823993565454, 32.533497946459157 ], [ -85.555479916440262, 32.533700969394964 ], [ -85.555157967539429, 32.533832972923278 ], [ -85.554750942321434, 32.534024971284893 ], [ -85.554266971232323, 32.534290955823245 ], [ -85.553784927980942, 32.534491998342958 ], [ -85.553505978243393, 32.534624990019068 ], [ -85.553259969385309, 32.534721942381474 ], [ -85.552784966932578, 32.535076962383798 ], [ -85.552568965287847, 32.535262951601915 ], [ -85.552107960613441, 32.535482929993826 ], [ -85.551934958131966, 32.53562595452496 ], [ -85.551869998382401, 32.53569697205586 ], [ -85.551826999219116, 32.535769968126097 ], [ -85.551812917621788, 32.535958994460124 ], [ -85.551862957583722, 32.536166958299972 ], [ -85.551912997545656, 32.536329979566567 ], [ -85.552088933693227, 32.536674959008558 ], [ -85.552241987245125, 32.537072934465513 ], [ -85.552342989178385, 32.537443985633324 ], [ -85.552371990563316, 32.537624952900565 ], [ -85.552358998613414, 32.537767974020504 ], [ -85.552302923681196, 32.537912973460998 ], [ -85.552203933404755, 32.538136973111079 ], [ -85.5521369619984, 32.538316949712197 ], [ -85.552058926479873, 32.538566951946358 ], [ -85.552163951726612, 32.538641994878006 ], [ -85.552396968634781, 32.538707993035366 ], [ -85.552567959459466, 32.538700997515633 ], [ -85.552865936117229, 32.538667998440445 ], [ -85.553153938310189, 32.538642984144097 ], [ -85.553281929971632, 32.538654996660178 ], [ -85.553684931876091, 32.538758940187904 ], [ -85.553991960989265, 32.538878994459417 ], [ -85.554117940993933, 32.538934958491112 ], [ -85.554169992612628, 32.539061937357914 ], [ -85.554229923220305, 32.539260990679274 ], [ -85.554249955968899, 32.539340979323114 ], [ -85.554332936810269, 32.539514947311339 ], [ -85.554435950400261, 32.539695981066352 ], [ -85.554497976483745, 32.539840977393794 ], [ -85.554472998412265, 32.54008397997314 ], [ -85.554395968722133, 32.540218941866065 ], [ -85.554244926826996, 32.540314969602498 ], [ -85.554041917132167, 32.540367964998048 ], [ -85.553773947687773, 32.540517977128175 ], [ -85.553535985456747, 32.540713988831975 ], [ -85.553350996853752, 32.540946955322177 ], [ -85.553197943301839, 32.541195960996468 ], [ -85.553035921113533, 32.541366957682769 ], [ -85.552915976079149, 32.54154494934216 ], [ -85.552869959430751, 32.541761944651306 ], [ -85.552876916410398, 32.541959932098798 ], [ -85.552916981907529, 32.542112979912147 ], [ -85.553073974953932, 32.542340996646061 ], [ -85.55318897466546, 32.542467970696521 ], [ -85.5533149546701, 32.542578975687576 ], [ -85.553427942724866, 32.542841967231993 ], [ -85.553497931616349, 32.543075988076801 ], [ -85.553485945494813, 32.543184943225789 ], [ -85.553505978243393, 32.543255954778964 ], [ -85.553641932712836, 32.543438959418332 ], [ -85.553955918805627, 32.543767942882226 ], [ -85.554364955680398, 32.544141934002859 ], [ -85.554657987015261, 32.544478969820261 ], [ -85.555074986698045, 32.545042954389586 ], [ -85.555199960874333, 32.545197975335526 ], [ -85.555229968087687, 32.545351936164984 ], [ -85.555342956142425, 32.545577966294069 ], [ -85.555455944197206, 32.545840949054053 ], [ -85.555526938917041, 32.546094957732187 ], [ -85.555521993594184, 32.546364933900975 ], [ -85.555504978330745, 32.546770991791654 ], [ -85.555499194817557, 32.54681317309592 ], [ -85.555456950025572, 32.54712193681334 ], [ -85.555376986669316, 32.547462988774406 ] ] ] } },
{ "type": "Feature", "properties": { "gid": "1" }, "geometry": { "type": "Polygon", "coordinates": [ [ [ -85.518477921070996, 32.585023973679974 ], [ -85.51854992161924, 32.58508499395775 ], [ -85.518637931602541, 32.585157949860331 ], [ -85.520084983366061, 32.586342962929287 ], [ -85.520286987232495, 32.586498971886243 ], [ -85.520532996090566, 32.586704982392568 ], [ -85.520696946116601, 32.586840933530134 ], [ -85.521076981606384, 32.587233954749905 ], [ -85.521182928862473, 32.58736093590057 ], [ -85.521287954109212, 32.587510940098163 ], [ -85.521445952983996, 32.587742937621272 ], [ -85.521513930218731, 32.587867940603957 ], [ -85.52161794963709, 32.588117946046339 ], [ -85.521705959620363, 32.58832995576492 ], [ -85.521840992080456, 32.588731939504022 ], [ -85.52188692490985, 32.58890793041197 ], [ -85.522135951253077, 32.5897109728215 ], [ -85.522204934316164, 32.589904970291308 ], [ -85.522264948742873, 32.590110972969356 ], [ -85.522492936509138, 32.590763935476723 ], [ -85.522565942885763, 32.590935967636263 ], [ -85.522615982847697, 32.59104295791375 ], [ -85.522695946203953, 32.591212941544107 ], [ -85.522940949233671, 32.5916639933453 ], [ -85.523510918649293, 32.592545963605232 ], [ -85.523784923063971, 32.59298599212277 ], [ -85.524001930537082, 32.593445932957977 ], [ -85.524146937461978, 32.593924938384227 ], [ -85.524155989917375, 32.593980938704028 ], [ -85.524220949666969, 32.59441997152431 ], [ -85.524241988243929, 32.595125936308598 ], [ -85.524248945223547, 32.59591395224902 ], [ -85.524250956880309, 32.59607997210864 ], [ -85.524251962708689, 32.596112950070498 ], [ -85.524251962708689, 32.596133993817126 ], [ -85.524241988243929, 32.596403960638298 ], [ -85.524234947445251, 32.596777944197626 ], [ -85.524216926353446, 32.596994947159828 ], [ -85.524185997130743, 32.597204958637775 ], [ -85.524055993812539, 32.597782946663457 ], [ -85.523920961352445, 32.598085956367164 ], [ -85.523907969402543, 32.598103963203812 ], [ -85.523883997159459, 32.598135951810569 ], [ -85.523833957197525, 32.598204942652039 ], [ -85.523672940837614, 32.598395955912451 ], [ -85.523341939481384, 32.599110998609262 ], [ -85.523263987781874, 32.599502977425033 ], [ -85.523242949204928, 32.599609957474094 ], [ -85.523239931719772, 32.600036958417185 ], [ -85.523238925891391, 32.600110961350396 ], [ -85.523257952811605, 32.60124196994758 ], [ -85.523270944761506, 32.601375992496223 ], [ -85.523273962246662, 32.601587970849252 ], [ -85.523283936711422, 32.602732941856054 ], [ -85.521307986857806, 32.60296694769707 ], [ -85.520291932555352, 32.60314997175503 ], [ -85.519107988732387, 32.603422953702221 ], [ -85.518080954136806, 32.603796978573492 ], [ -85.517578123765546, 32.60398748563842 ], [ -85.51623098428783, 32.604497997384087 ], [ -85.512314959126144, 32.605988985708471 ], [ -85.509291941928353, 32.607113989026765 ], [ -85.507890990632276, 32.607640934507131 ], [ -85.507850925135131, 32.605270961705266 ], [ -85.507833993690724, 32.604258982219456 ], [ -85.507781942072, 32.602766976539584 ], [ -85.507778924586873, 32.602647996313529 ], [ -85.507739948737139, 32.600874995694248 ], [ -85.507731985929112, 32.600152976347289 ], [ -85.507738942908745, 32.59870899081136 ], [ -85.507734919595222, 32.598485989747957 ], [ -85.507732991757493, 32.59832399939377 ], [ -85.507713964837293, 32.597179960659822 ], [ -85.507671971502432, 32.596683954141021 ], [ -85.507601982610936, 32.596189992756393 ], [ -85.507526964577536, 32.595769964550456 ], [ -85.507384975137825, 32.595215973429958 ], [ -85.507232927414293, 32.594734997609386 ], [ -85.507077946024651, 32.594329933603156 ], [ -85.506869991006965, 32.593865972057607 ], [ -85.50660294357192, 32.593344948146516 ], [ -85.506252999114523, 32.592747934915081 ], [ -85.505976983043098, 32.592299995832384 ], [ -85.50632097634923, 32.592155931707062 ], [ -85.506423989939208, 32.592103955573627 ], [ -85.506628927471766, 32.591979947176981 ], [ -85.506803941609974, 32.591869991980168 ], [ -85.506854987400274, 32.591837930516505 ], [ -85.50745999317121, 32.591371978699442 ], [ -85.507541968184213, 32.591303971282571 ], [ -85.508174969511714, 32.590779966402081 ], [ -85.508461965876307, 32.590552990830403 ], [ -85.50864091950902, 32.59038399464405 ], [ -85.508972926693644, 32.590107936251812 ], [ -85.509231927501645, 32.5898919759344 ], [ -85.509832993778076, 32.589410971539067 ], [ -85.510502959298563, 32.588923961669316 ], [ -85.511088938149271, 32.588498955824285 ], [ -85.511125986161289, 32.58847296670092 ], [ -85.511355985584302, 32.588306932748459 ], [ -85.512502965214281, 32.587484950688314 ], [ -85.512670938553853, 32.587364961440223 ], [ -85.513311986508398, 32.586918972921126 ], [ -85.513935935380474, 32.586437952570989 ], [ -85.514087983103991, 32.586332934277223 ], [ -85.514539935323, 32.586023952369871 ], [ -85.514913935842515, 32.585767937982652 ], [ -85.515389944123612, 32.585411988488588 ], [ -85.515457921358347, 32.585360997195338 ], [ -85.515885985153304, 32.585060981353394 ], [ -85.516035937401028, 32.584970934029784 ], [ -85.516390994819375, 32.584729959884335 ], [ -85.516996922599645, 32.58434095336122 ], [ -85.517382993059712, 32.58409298554075 ], [ -85.517578123765546, 32.584262346718234 ], [ -85.517685998859378, 32.584355996673175 ], [ -85.518477921070996, 32.585023973679974 ] ] ] } },
{ "type": "Feature", "properties": { "gid": "3" }, "geometry": { "type": "Polygon", "coordinates": [ [ [ -85.519107988732387, 32.603422953702221 ], [ -85.520291932555352, 32.60314997175503 ], [ -85.521307986857806, 32.60296694769707 ], [ -85.523283936711422, 32.602732941856054 ], [ -85.525246978434183, 32.602464971229971 ], [ -85.526075948657834, 32.602364985146764 ], [ -85.528447943436305, 32.602084938785779 ], [ -85.530375948803794, 32.601841962905496 ], [ -85.530547945456874, 32.60182099111163 ], [ -85.532263972493155, 32.601612967597319 ], [ -85.532831930252058, 32.601532963856471 ], [ -85.533415981265037, 32.601460939244888 ], [ -85.53521792280884, 32.60124196994758 ], [ -85.53799392532018, 32.600895967709583 ], [ -85.539517922954801, 32.600703971197348 ], [ -85.539692937093022, 32.600871959341454 ], [ -85.539799973996537, 32.601429940399143 ], [ -85.539897958444584, 32.601999992628798 ], [ -85.539986974256266, 32.602517929915287 ], [ -85.54005293983424, 32.602901985364355 ], [ -85.540322920935395, 32.604367933671973 ], [ -85.540423922868598, 32.604857966434388 ], [ -85.540495923416842, 32.605350962107757 ], [ -85.540536994742368, 32.60568896831532 ], [ -85.54055694367193, 32.605848968302205 ], [ -85.540520985307325, 32.606340970001582 ], [ -85.540515956165422, 32.606381993557378 ], [ -85.54045795339546, 32.606846949412635 ], [ -85.540385952847231, 32.607210933671169 ], [ -85.541610967995723, 32.607248991299699 ], [ -85.54157593164048, 32.607339934138729 ], [ -85.54157299797437, 32.607483973850108 ], [ -85.541634940238808, 32.607638957496526 ], [ -85.541663941623767, 32.607800931007127 ], [ -85.541659918310245, 32.608043961331028 ], [ -85.541666959108923, 32.608251969910746 ], [ -85.541600993530963, 32.608395937548437 ], [ -85.541481970505927, 32.60850297758418 ], [ -85.541383986057866, 32.608636989269201 ], [ -85.541252976911281, 32.608806939521251 ], [ -85.54111199329995, 32.608966933938284 ], [ -85.540981989981745, 32.60912798716474 ], [ -85.540743943931687, 32.609332957160781 ], [ -85.54016894537412, 32.609965939392289 ], [ -85.540069955097678, 32.610091970457013 ], [ -85.539950932072642, 32.610243984160739 ], [ -85.539669970678347, 32.610528947380153 ], [ -85.539463943498376, 32.610750929993138 ], [ -85.539203936861981, 32.610983997023617 ], [ -85.538835971312778, 32.6113219819729 ], [ -85.538648971053036, 32.611513955726387 ], [ -85.538532965513127, 32.611633983241077 ], [ -85.538175980257051, 32.611972954194705 ], [ -85.537903987499135, 32.612284953194838 ], [ -85.537890995549219, 32.612295967396285 ], [ -85.537730985017689, 32.612436963176044 ], [ -85.537578937294143, 32.612642984652311 ], [ -85.537414987268136, 32.612883954338265 ], [ -85.537293952586325, 32.613106990161782 ], [ -85.537249947594674, 32.613246996221129 ], [ -85.537214995058463, 32.613359961111989 ], [ -85.537202925117882, 32.613377964878296 ], [ -85.536974937351616, 32.613725966379434 ], [ -85.53683294791189, 32.613896966012859 ], [ -85.536713924886868, 32.614057939770689 ], [ -85.536463976534279, 32.614333994971197 ], [ -85.536312934639142, 32.614457972426258 ], [ -85.536160970734642, 32.614591975200014 ], [ -85.536142949642823, 32.614625934775212 ], [ -85.536083941044495, 32.614735932645537 ], [ -85.535973970474899, 32.614896975496926 ], [ -85.535942957433164, 32.614941948832438 ], [ -85.535886966319964, 32.615075950881909 ], [ -85.535863999905288, 32.615210941152561 ], [ -85.535829969378412, 32.615309995076295 ], [ -85.535665935533331, 32.615532954255713 ], [ -85.535524951922, 32.615692936656011 ], [ -85.535284978034198, 32.616024973355614 ], [ -85.535044920327366, 32.616364986696894 ], [ -85.534924975292981, 32.616587943249208 ], [ -85.534857920067623, 32.616759996421933 ], [ -85.534853980573146, 32.617011968649805 ], [ -85.53489295642288, 32.617219956398927 ], [ -85.535026983054578, 32.617482940895755 ], [ -85.534993958356097, 32.617554952623252 ], [ -85.535050955297649, 32.617698975904489 ], [ -85.535126979159429, 32.617890935986303 ], [ -85.535467954980433, 32.618534941757204 ], [ -85.535590917499974, 32.618869933061212 ], [ -85.535651937755048, 32.619013954227064 ], [ -85.535628971340344, 32.619167929540751 ], [ -85.535593934985101, 32.619328964420447 ], [ -85.535623942198455, 32.619465995626577 ], [ -85.535738941909969, 32.619573940205399 ], [ -85.535843967156723, 32.619657951919635 ], [ -85.535939939948008, 32.619703981833851 ], [ -85.535989979909942, 32.619911963329031 ], [ -85.53604094188124, 32.620011929822809 ], [ -85.536123922722624, 32.620138935115421 ], [ -85.536198940756023, 32.620157996483407 ], [ -85.536325926589058, 32.62021299203721 ], [ -85.536472945170686, 32.620330960563059 ], [ -85.536545951547311, 32.620440951424378 ], [ -85.536615940438793, 32.620712962903475 ], [ -85.536650641517923, 32.620870182761159 ], [ -85.536655922116921, 32.620893973977367 ], [ -85.536663968743966, 32.621064959920822 ], [ -85.536788942920239, 32.621200929517215 ], [ -85.536934955673502, 32.621401989061148 ], [ -85.53695297676532, 32.621618932367298 ], [ -85.537036963435099, 32.621709931209033 ], [ -85.537173923732908, 32.621782998482018 ], [ -85.537322953971298, 32.62183093340456 ], [ -85.537481958674462, 32.621858960144131 ], [ -85.537555970879467, 32.621914943000689 ], [ -85.537586983921202, 32.621968949128004 ], [ -85.53760793867913, 32.621995987477547 ], [ -85.537605927022369, 32.62208599759014 ], [ -85.537582960607679, 32.622230931330272 ], [ -85.537568962829383, 32.622401985315889 ], [ -85.537630988912866, 32.622555954802216 ], [ -85.537671976419347, 32.622609960542796 ], [ -85.537797956424029, 32.622728984844258 ], [ -85.537956961127193, 32.62278496715669 ], [ -85.538158964993613, 32.622832972138227 ], [ -85.538298942776578, 32.622742962776734 ], [ -85.538320987181919, 32.622744939453888 ], [ -85.538372954981597, 32.62279894508044 ], [ -85.538402962194937, 32.622870952531834 ], [ -85.538412936659725, 32.622916980793953 ], [ -85.538412936659725, 32.62293498263849 ], [ -85.538422994943531, 32.622952984479404 ], [ -85.53853992249276, 32.622998942103926 ], [ -85.538656933861034, 32.623018991198471 ], [ -85.538740920530813, 32.623063960454076 ], [ -85.538939990731123, 32.623283935325432 ], [ -85.539002938823955, 32.623392934226985 ], [ -85.539010985450986, 32.623499956335387 ], [ -85.538985923560517, 32.623769981864697 ], [ -85.538993970187562, 32.623915971798539 ], [ -85.539013919117096, 32.623969976718563 ], [ -85.539055996271017, 32.624033935444452 ], [ -85.539171917991879, 32.624106930225871 ], [ -85.539310973765495, 32.624099941366396 ], [ -85.539491939054969, 32.624073962570847 ], [ -85.539768960954788, 32.624121966861082 ], [ -85.539884966494682, 32.624168982802743 ], [ -85.540097950654271, 32.62420795095187 ], [ -85.540214962022532, 32.624180983864967 ], [ -85.540322920935395, 32.624147945642704 ], [ -85.540546969207156, 32.624095988071907 ], [ -85.5407709336599, 32.624071985923045 ], [ -85.540994981931661, 32.624100929689995 ], [ -85.541281978296254, 32.624131991283136 ], [ -85.541676933573697, 32.62410798914393 ], [ -85.541922942431782, 32.624065985384817 ], [ -85.541993937151645, 32.624050948740219 ], [ -85.542125952126597, 32.624023981606001 ], [ -85.542225948231433, 32.624000967762534 ], [ -85.542291997628411, 32.623984942782137 ], [ -85.542382941277822, 32.623963976173506 ], [ -85.542712936805685, 32.623949998431684 ], [ -85.542872947337216, 32.623969976718563 ], [ -85.542886945115526, 32.623976965588184 ], [ -85.542967998119181, 32.624014945496391 ], [ -85.543040920676773, 32.624087940293307 ], [ -85.543049973132199, 32.624214939802904 ], [ -85.543047961475438, 32.624349986888106 ], [ -85.543110993387288, 32.624404979866512 ], [ -85.543226998927182, 32.624469997195334 ], [ -85.543407964216655, 32.624515954040973 ], [ -85.543608962254694, 32.624554992633243 ], [ -85.543809960292762, 32.624656930576883 ], [ -85.544021938623956, 32.624740937520748 ], [ -85.544520997138804, 32.624853958503188 ], [ -85.544860967131413, 32.624920952134964 ], [ -85.545243936287321, 32.624960978864699 ], [ -85.545530932651914, 32.62501999531537 ], [ -85.545817929016508, 32.625067999098235 ], [ -85.545912979798459, 32.625134992569798 ], [ -85.545936952041544, 32.625145934596752 ], [ -85.546001995610169, 32.625305970412199 ], [ -85.546112972008132, 32.625750991307925 ], [ -85.546287986146353, 32.62608094350675 ], [ -85.546365937845863, 32.626135935421644 ], [ -85.546527960034155, 32.626597965002262 ], [ -85.547125925006398, 32.627026955038161 ], [ -85.547359947742962, 32.627262944566247 ], [ -85.547489951061138, 32.627328948106928 ], [ -85.547599921630734, 32.627356973124989 ], [ -85.547762949647435, 32.627477967686602 ], [ -85.547872920217031, 32.627619998433538 ], [ -85.547967970998997, 32.627816949245407 ], [ -85.547988925756925, 32.627860998399932 ], [ -85.548036954062113, 32.627954955738836 ], [ -85.548001917706841, 32.627951990895689 ], [ -85.547948944078797, 32.627952979176747 ], [ -85.547798991831073, 32.627953967457792 ], [ -85.547609979914554, 32.627978956846405 ], [ -85.547511995466465, 32.627995969392273 ], [ -85.547299933316239, 32.627950932023118 ], [ -85.547154926391372, 32.627929966343522 ], [ -85.54708694915665, 32.627908930067498 ], [ -85.546452942000769, 32.627910977222093 ], [ -85.546535922842182, 32.627960956016345 ], [ -85.546593925612115, 32.628003946228027 ], [ -85.546661986665853, 32.628048983570515 ], [ -85.546711942808784, 32.628122963356624 ], [ -85.546725940587095, 32.628235980068304 ], [ -85.546712948637136, 32.628334948989043 ], [ -85.546689982222475, 32.628420999623621 ], [ -85.546663998322629, 32.628440976912508 ], [ -85.546622926997074, 32.628469989857692 ], [ -85.546564924227141, 32.628473942958991 ], [ -85.546535922842182, 32.62847493123428 ], [ -85.546477920072221, 32.628448953708599 ], [ -85.546390999736317, 32.628384998137676 ], [ -85.546320927025832, 32.628301982891358 ], [ -85.546267953397788, 32.628213955586027 ], [ -85.546180949242867, 32.628160941505527 ], [ -85.546105931209468, 32.628121975077448 ], [ -85.545998978124999, 32.628119998519061 ], [ -85.545864951493286, 32.628137999317133 ], [ -85.54574299480214, 32.628158964947986 ], [ -85.545619948463596, 32.62823894490203 ], [ -85.545581978442215, 32.628273958169231 ], [ -85.545500925438574, 32.628347937769369 ], [ -85.545256928237237, 32.628593947736519 ], [ -85.54510999347464, 32.628734988439959 ], [ -85.544994993763126, 32.628874970059449 ], [ -85.544907989608205, 32.62894697262265 ], [ -85.544800952704719, 32.629006974714372 ], [ -85.54472593467132, 32.629022998795598 ], [ -85.544667931901387, 32.629020951666433 ], [ -85.54447799797552, 32.629027940141633 ], [ -85.544193935277036, 32.629230958637869 ], [ -85.544109948607257, 32.629375951398806 ], [ -85.543780958907774, 32.629853988185104 ], [ -85.54375095169442, 32.630023968754152 ], [ -85.543686997773221, 32.630214984739247 ], [ -85.54326698060531, 32.63056397963237 ], [ -85.542953916521853, 32.630676993261332 ], [ -85.542149924369653, 32.630712993825206 ], [ -85.542052945749958, 32.63077193589362 ], [ -85.541975999878844, 32.630817960092507 ], [ -85.541909950481866, 32.630858972433849 ], [ -85.541761926071857, 32.631032974671264 ], [ -85.541363953309272, 32.631109987318219 ], [ -85.541275943325971, 32.631305942205373 ], [ -85.541335957752679, 32.631652956363368 ], [ -85.541229926677573, 32.631804933458362 ], [ -85.540982995810126, 32.631997992702885 ], [ -85.540941924484599, 32.632204957397462 ], [ -85.541042926417802, 32.632423992158223 ], [ -85.541047955559705, 32.632564956237296 ], [ -85.540820973621834, 32.633176950940971 ], [ -85.540261984499324, 32.633926938742327 ], [ -85.539625965686682, 32.634447938332443 ], [ -85.539096983777526, 32.634745953533887 ], [ -85.53874192635918, 32.634866938104985 ], [ -85.538306989403623, 32.63508794275387 ], [ -85.537333934264453, 32.635225938033898 ], [ -85.537016930686505, 32.635270971741605 ], [ -85.536591968195722, 32.635271959941839 ], [ -85.536242945747659, 32.635193962675935 ], [ -85.535995931061208, 32.635072978547036 ], [ -85.535750928031504, 32.634834962618726 ], [ -85.535725949960053, 32.634696966735675 ], [ -85.535797950508297, 32.634309941852479 ], [ -85.535728967445195, 32.634179992031498 ], [ -85.535585972177088, 32.634151969150196 ], [ -85.535337951662243, 32.634207944317446 ], [ -85.534887927280963, 32.634395986741431 ], [ -85.534481991710379, 32.634500948688355 ], [ -85.53349996793483, 32.634621933590765 ], [ -85.533005938561899, 32.63472597765255 ], [ -85.532795971887438, 32.634705931180584 ], [ -85.531983933108208, 32.634306977219879 ], [ -85.531565927597043, 32.63426399003621 ], [ -85.531147922085879, 32.63432398856272 ], [ -85.530538976820495, 32.634641980081547 ], [ -85.529497944446589, 32.63480496353182 ], [ -85.528907942282359, 32.634533983088694 ], [ -85.52851298700493, 32.634415962696444 ], [ -85.528357921796243, 32.634297942148514 ], [ -85.528118953736836, 32.633965973229436 ], [ -85.527985932933504, 32.633877951495727 ], [ -85.527831957372229, 32.633821976122015 ], [ -85.527537920208985, 32.633802988250871 ], [ -85.527290989341566, 32.633856987204759 ], [ -85.527114969374963, 32.633957996925133 ], [ -85.52600294228121, 32.634814986757277 ], [ -85.52565894897505, 32.634939994636689 ], [ -85.525409922631823, 32.63497295828892 ], [ -85.525392991187417, 32.634959970470227 ], [ -85.525286960112311, 32.634880984727786 ], [ -85.525207918765389, 32.63458896980918 ], [ -85.525158968450867, 32.634404951216482 ], [ -85.524997952090956, 32.634157969012172 ], [ -85.524779938789464, 32.634075947334814 ], [ -85.52472696516142, 32.63405597130388 ], [ -85.524659993755066, 32.634030983612298 ], [ -85.524609953793146, 32.634034936467934 ], [ -85.524157917755105, 32.63407199448099 ], [ -85.523911992716066, 32.634030983612298 ], [ -85.523222916456334, 32.633628991399952 ], [ -85.522791918995281, 32.633299984664994 ], [ -85.522713967295772, 32.633155986485761 ], [ -85.522616988676077, 32.632831989735202 ], [ -85.522467958437687, 32.632678955567961 ], [ -85.521765974047085, 32.63238693346262 ], [ -85.521278985472819, 32.632116933931364 ], [ -85.521076981606384, 32.632077969225847 ], [ -85.520946978288194, 32.632077969225847 ], [ -85.520524949463521, 32.632116933931364 ], [ -85.520430988328982, 32.632132957455696 ], [ -85.520050952839185, 32.632198957404533 ], [ -85.519264981778818, 32.631911945507881 ], [ -85.519160962360459, 32.631818980561874 ], [ -85.519037999840918, 32.631434978546579 ], [ -85.518946972372476, 32.631306930449384 ], [ -85.518666932987514, 32.631049986636555 ], [ -85.518498959647971, 32.631005939051697 ], [ -85.518361999350134, 32.631032974671264 ], [ -85.51822596106166, 32.631098975431421 ], [ -85.517776942508775, 32.631483967130684 ], [ -85.517578123765546, 32.631599026667963 ], [ -85.517484917002264, 32.631652956363368 ], [ -85.517042939248057, 32.631846933585408 ], [ -85.516827943431693, 32.631983945627475 ], [ -85.516736999782296, 32.632065969222559 ], [ -85.516671956213699, 32.63219796917037 ], [ -85.51660699646412, 32.632555991577874 ], [ -85.516579922916861, 32.632604979548262 ], [ -85.516547987865778, 32.632659967454224 ], [ -85.516463917376967, 32.632769943164803 ], [ -85.516426953183995, 32.63278399011682 ], [ -85.516138950991007, 32.632895942127909 ], [ -85.515891936304541, 32.633104951781334 ], [ -85.515845919656144, 32.633203985904586 ], [ -85.515845919656144, 32.633445959053276 ], [ -85.515819935756312, 32.633543933992698 ], [ -85.515748941036449, 32.633653979203807 ], [ -85.515520953270183, 32.633841952205174 ], [ -85.515449958550334, 32.633977972977931 ], [ -85.51546295050025, 32.634116958182879 ], [ -85.515494969370366, 32.634176956807998 ], [ -85.515650956588402, 32.634308953641614 ], [ -85.515780959906579, 32.634351940803697 ], [ -85.515897971274839, 32.634351940803697 ], [ -85.516072985413047, 32.634308953641614 ], [ -85.516469952347265, 32.634154933787926 ], [ -85.516618982585669, 32.634143992862469 ], [ -85.516664999234052, 32.634154933787926 ], [ -85.516722918184968, 32.634210979539887 ], [ -85.516735993953915, 32.634429938803635 ], [ -85.516605990635739, 32.634809975144684 ], [ -85.516293932380677, 32.635291935701261 ], [ -85.515961925196038, 32.635716931278722 ], [ -85.51576092715797, 32.635919934598931 ], [ -85.515651962416754, 32.636056940404167 ], [ -85.515298916655169, 32.636691992393338 ], [ -85.515100936102272, 32.63711599314027 ], [ -85.515007980796099, 32.6374669374691 ], [ -85.514985936390758, 32.637583965662053 ], [ -85.514813939737678, 32.637884934931627 ], [ -85.514560973899961, 32.638034995685423 ], [ -85.514520992221833, 32.638058994089299 ], [ -85.514057975890665, 32.63813797702602 ], [ -85.513891930388823, 32.638084968825069 ], [ -85.513687998684659, 32.638020949557806 ], [ -85.513562940689354, 32.638018973218074 ], [ -85.513309974851637, 32.637962929851533 ], [ -85.512770934658676, 32.637793952536413 ], [ -85.511730991932197, 32.637572954572022 ], [ -85.511139983939586, 32.637351956061671 ], [ -85.510853993403387, 32.637270996074719 ], [ -85.510561967896876, 32.637202952925271 ], [ -85.510164917143655, 32.637159967133023 ], [ -85.50993793520577, 32.637181989413406 ], [ -85.509814972686243, 32.637213964060848 ], [ -85.509580949949694, 32.637373978294804 ], [ -85.509339970233512, 32.637615940165823 ], [ -85.509248942765069, 32.63787498263379 ], [ -85.509215918066573, 32.638083980655914 ], [ -85.509228993835535, 32.638297989607253 ], [ -85.50932597245523, 32.638598956474659 ], [ -85.509475924702969, 32.638803929577705 ], [ -85.509800974907947, 32.639039958629752 ], [ -85.510306990402412, 32.639566998526512 ], [ -85.510754919307885, 32.640101940493466 ], [ -85.510877965646443, 32.640303945718806 ], [ -85.510910990344939, 32.64048096459787 ], [ -85.510890957596345, 32.640585989987329 ], [ -85.510819962876496, 32.640717977365078 ], [ -85.510682918759642, 32.640860975234766 ], [ -85.510461971792068, 32.640969952727275 ], [ -85.50990298266953, 32.641107938934368 ], [ -85.509616992133346, 32.641206964198844 ], [ -85.509285990777101, 32.64135398440002 ], [ -85.509096978860583, 32.641403955685554 ], [ -85.508797996374454, 32.641457950051709 ], [ -85.508414943399529, 32.641639977877283 ], [ -85.508063993113765, 32.641947991547269 ], [ -85.507814966770511, 32.642132982748954 ], [ -85.507673983159165, 32.642237935618496 ], [ -85.507354967924456, 32.642358980637908 ], [ -85.507029917719464, 32.642430972350205 ], [ -85.506691959383602, 32.642441982842271 ], [ -85.506204970809335, 32.642518985668765 ], [ -85.505834993603358, 32.642507975186163 ], [ -85.50564598168684, 32.642462945121487 ], [ -85.505093949543991, 32.642281977673669 ], [ -85.504749956237816, 32.642253957330176 ], [ -85.504593969019808, 32.642292988184074 ], [ -85.504521968471551, 32.642327995951753 ], [ -85.503764998796143, 32.641317988117706 ], [ -85.503463920834221, 32.64089795983908 ], [ -85.503351938607864, 32.640710989802905 ], [ -85.503216989966802, 32.640451955547178 ], [ -85.503036946686677, 32.640129961511086 ], [ -85.502694965037293, 32.639486958115413 ], [ -85.502624976145796, 32.639320948145567 ], [ -85.502104962873048, 32.637931943642641 ], [ -85.502025921526126, 32.637660972670531 ], [ -85.501988957333168, 32.637449997307861 ], [ -85.501970936241335, 32.637267960956088 ], [ -85.501960961776561, 32.637170978273886 ], [ -85.501939923199615, 32.636462945041011 ], [ -85.501889967056698, 32.635719966449983 ], [ -85.501866916822976, 32.635386944022514 ], [ -85.501839927094764, 32.635235961212182 ], [ -85.501778990658707, 32.635034932745725 ], [ -85.501746971788592, 32.634966958481598 ], [ -85.501664996775588, 32.634841950639881 ], [ -85.501477996515831, 32.63460393409698 ], [ -85.50127096350748, 32.634379963622365 ], [ -85.501043981569609, 32.634171945159672 ], [ -85.500826974096526, 32.633992937367914 ], [ -85.500144938635444, 32.633433959233429 ], [ -85.499305993947033, 32.632782931301421 ], [ -85.499089992302288, 32.632634979372774 ], [ -85.498717919620503, 32.632350933572198 ], [ -85.498492949339379, 32.632142980980483 ], [ -85.498347942414526, 32.631972933848239 ], [ -85.497854918869976, 32.631236976863541 ], [ -85.497606982174162, 32.630830948512468 ], [ -85.497397937509078, 32.630447930510691 ], [ -85.496871973085064, 32.629701937186546 ], [ -85.4958899493095, 32.628224967827848 ], [ -85.495537993195342, 32.627666941945954 ], [ -85.495328948530243, 32.62728299270568 ], [ -85.495145971583995, 32.626890994291642 ], [ -85.495049998792695, 32.626657968668887 ], [ -85.494862998532938, 32.626125981816955 ], [ -85.494751938315929, 32.625672985742959 ], [ -85.494546916964339, 32.624743973064298 ], [ -85.494499978306592, 32.624481998217206 ], [ -85.494460918637799, 32.624217975364317 ], [ -85.494358994695233, 32.623803937958556 ], [ -85.494222956406759, 32.623525935297536 ], [ -85.494118936988414, 32.623338999553951 ], [ -85.493699925648869, 32.622742962776734 ], [ -85.493490964802831, 32.622463968478876 ], [ -85.492963994550422, 32.621780951187262 ], [ -85.492594939353808, 32.621303930231846 ], [ -85.492378937709077, 32.62099697504518 ], [ -85.492278857785195, 32.620870182761159 ], [ -85.492176933842629, 32.620740989993081 ], [ -85.491827995213612, 32.620264951861898 ], [ -85.491691956925138, 32.620091987654703 ], [ -85.491519960272058, 32.619840941868034 ], [ -85.491067924234002, 32.619158963539384 ], [ -85.490591999771937, 32.618436950386432 ], [ -85.490509940939887, 32.618249933416422 ], [ -85.490458978968618, 32.617957934829327 ], [ -85.49045193816994, 32.617746983613415 ], [ -85.490416985633729, 32.616688972460459 ], [ -85.490406927349923, 32.615920978153468 ], [ -85.490413968148587, 32.615289944255252 ], [ -85.490413968148587, 32.614037959271734 ], [ -85.490416985633729, 32.61388595200831 ], [ -85.490400976198671, 32.613451956789675 ], [ -85.490376920136555, 32.613004968462761 ], [ -85.490350936236737, 32.612250992731809 ], [ -85.490347918751596, 32.612151935424109 ], [ -85.490321934851778, 32.610849988850575 ], [ -85.490353953721893, 32.610148949149064 ], [ -85.490359988692163, 32.609959937908577 ], [ -85.494629981624797, 32.610024965728151 ], [ -85.498985972883943, 32.610099948888191 ], [ -85.499658955889558, 32.610117953309931 ], [ -85.50039396497867, 32.610108986402309 ], [ -85.500898974644741, 32.610068953032098 ], [ -85.501321925478777, 32.609996935284038 ], [ -85.501885943743176, 32.609858971710793 ], [ -85.502530931192211, 32.60964997838029 ], [ -85.503273986908354, 32.609373979346167 ], [ -85.503965996834197, 32.609126998675848 ], [ -85.507890990632276, 32.607640934507131 ], [ -85.509291941928353, 32.607113989026765 ], [ -85.512314959126144, 32.605988985708471 ], [ -85.51623098428783, 32.604497997384087 ], [ -85.517578123765546, 32.60398748563842 ], [ -85.518080954136806, 32.603796978573492 ], [ -85.519107988732387, 32.603422953702221 ] ] ] } },
{ "type": "Feature", "properties": { "gid": "4" }, "geometry": { "type": "Polygon", "coordinates": [ [ [ -85.527701954054052, 32.547999964583092 ], [ -85.527206918852769, 32.548383970971187 ], [ -85.526552962767312, 32.548889994911875 ], [ -85.525398942338668, 32.549769983675539 ], [ -85.524217932181827, 32.550631947444941 ], [ -85.52396496634411, 32.550809991388832 ], [ -85.523820965247623, 32.55091095345248 ], [ -85.523208918678051, 32.551309996242708 ], [ -85.522535935672408, 32.551747966271577 ], [ -85.521276973816057, 32.552503934676309 ], [ -85.519980963947702, 32.553209946895301 ], [ -85.519102959590484, 32.553653983557744 ], [ -85.518201988818589, 32.554082969635914 ], [ -85.51774592946704, 32.554286935123478 ], [ -85.517578123765546, 32.554358432441333 ], [ -85.516884940373288, 32.554653958794162 ], [ -85.516827943431693, 32.554677979540287 ], [ -85.514034925656929, 32.555812952466553 ], [ -85.513747929292336, 32.555925989756027 ], [ -85.512389977159543, 32.556468990650622 ], [ -85.512240946921139, 32.5565279815726 ], [ -85.511983957769914, 32.556645963300205 ], [ -85.511467967810674, 32.55685493893764 ], [ -85.51139596726243, 32.556884964132919 ], [ -85.510454930993376, 32.557265965326614 ], [ -85.509490928309631, 32.557661942045641 ], [ -85.508369932579498, 32.558100940776157 ], [ -85.50733392934751, 32.55852298226857 ], [ -85.506474951910491, 32.55885297014111 ], [ -85.505876986938247, 32.559094932218073 ], [ -85.504373944061555, 32.559712939256414 ], [ -85.503449923055939, 32.560100992940789 ], [ -85.502801918121747, 32.560372975680622 ], [ -85.502300931769184, 32.560567955007535 ], [ -85.502003960939831, 32.560698930013153 ], [ -85.501567934336862, 32.560906977835614 ], [ -85.501358973490795, 32.561013933302597 ], [ -85.500993941607675, 32.561202977131899 ], [ -85.500436964141926, 32.561477994218706 ], [ -85.500298998015722, 32.561545953615536 ], [ -85.499851991119613, 32.561792994773036 ], [ -85.499495927872886, 32.561998991397758 ], [ -85.494705921667517, 32.564928952539375 ], [ -85.491435973602265, 32.566951951646388 ], [ -85.490006942930592, 32.567824981969295 ], [ -85.484468935686195, 32.571223990444103 ], [ -85.48430892515465, 32.571321962822019 ], [ -85.481471986207268, 32.573075982266978 ], [ -85.48070495824804, 32.573545984710421 ], [ -85.477712954091999, 32.57537793946323 ], [ -85.477189923334066, 32.575698965620077 ], [ -85.474576948839413, 32.577288964038971 ], [ -85.473632811266199, 32.577868069337008 ], [ -85.471485954406873, 32.579184974340762 ], [ -85.470002944278761, 32.58007794429448 ], [ -85.46911094214326, 32.580639939411967 ], [ -85.468204942229477, 32.581271994309148 ], [ -85.467333978670922, 32.58193999429524 ], [ -85.46667599927197, 32.582474998095776 ], [ -85.464984028297778, 32.583849325237018 ], [ -85.464800967532526, 32.583997993414144 ], [ -85.464662917587276, 32.584113961483766 ], [ -85.464388996991659, 32.584346956561127 ], [ -85.463117965194755, 32.585374980960083 ], [ -85.458690979215731, 32.588989993470022 ], [ -85.458065940696216, 32.589507935340222 ], [ -85.453020956996383, 32.593621985227806 ], [ -85.452592977020444, 32.593957987757534 ], [ -85.452154938760714, 32.594284949917672 ], [ -85.451703992370085, 32.594596939911959 ], [ -85.451243993524031, 32.594897983098086 ], [ -85.450772930565805, 32.595187938351664 ], [ -85.450290971133455, 32.595463981095598 ], [ -85.449797947588905, 32.595730984025309 ], [ -85.449290926266059, 32.595981956167464 ], [ -85.447731976095227, 32.596678940393687 ], [ -85.433433958027379, 32.602983964996 ], [ -85.432603981975319, 32.603370984104366 ], [ -85.431691947091238, 32.603769934728255 ], [ -85.430328965816543, 32.604368992823481 ], [ -85.429944990832226, 32.604519957091014 ], [ -85.42968749876681, 32.60463356847908 ], [ -85.428475978482425, 32.605167942546849 ], [ -85.427304942790329, 32.605682966545039 ], [ -85.4266879508979, 32.605955940773015 ], [ -85.425929975394098, 32.606303971115878 ], [ -85.42589292738208, 32.606318940132539 ], [ -85.425344918552739, 32.606554984248646 ], [ -85.424028959754835, 32.607134959581451 ], [ -85.423595950637022, 32.607323976783896 ], [ -85.421720918897535, 32.60814295257552 ], [ -85.421519920859495, 32.608230999617582 ], [ -85.420438990626508, 32.608687967318005 ], [ -85.419000991318427, 32.609294971024006 ], [ -85.416551966849795, 32.610317978661648 ], [ -85.407295998815655, 32.614184953509572 ], [ -85.407388954121828, 32.613958955064383 ], [ -85.407695983235001, 32.613176957917254 ], [ -85.40782296906805, 32.612726932266668 ], [ -85.407835961017966, 32.612644961552469 ], [ -85.407846941311107, 32.612571957425132 ], [ -85.407870997373223, 32.612418959220534 ], [ -85.407883989323125, 32.612206935895721 ], [ -85.407889940474391, 32.612121999338065 ], [ -85.407891952131138, 32.612033956121358 ], [ -85.407894969616279, 32.611851938675549 ], [ -85.407901926595926, 32.61142697097992 ], [ -85.407904944081054, 32.611257943560517 ], [ -85.407901926595926, 32.611202942506033 ], [ -85.407881977666378, 32.610763991930014 ], [ -85.407817939926147, 32.610280981418839 ], [ -85.407687936607957, 32.609681962864173 ], [ -85.407402951900139, 32.608586999686224 ], [ -85.407317959401979, 32.608169995100454 ], [ -85.407253921661749, 32.607747975445221 ], [ -85.407207988832354, 32.607323976783896 ], [ -85.407134982455744, 32.606476961957839 ], [ -85.407125930000319, 32.606325930380031 ], [ -85.4070709447155, 32.605457935173334 ], [ -85.40704093750216, 32.604980968473448 ], [ -85.407016965259075, 32.603833978494755 ], [ -85.407000955824017, 32.603461930880826 ], [ -85.407003973309173, 32.603042995933222 ], [ -85.407019982744217, 32.602763940250924 ], [ -85.407085948322191, 32.602419991628672 ], [ -85.40716993499197, 32.602146936013256 ], [ -85.407222992439031, 32.602011996662526 ], [ -85.4073489724437, 32.601747978161292 ], [ -85.407463972155213, 32.601559937764719 ], [ -85.407549970481753, 32.601435942454387 ], [ -85.407741999883413, 32.601195930543206 ], [ -85.407968981821298, 32.600954929409909 ], [ -85.408182971809254, 32.600760955861602 ], [ -85.408547919873328, 32.600494956505131 ], [ -85.408897948149786, 32.600314963394609 ], [ -85.40940798695776, 32.60009097773991 ], [ -85.410260929424481, 32.599732966719145 ], [ -85.411024939898553, 32.599412944611508 ], [ -85.411290981505203, 32.599322982321567 ], [ -85.411549982313218, 32.599222992731619 ], [ -85.412965937215958, 32.598618957199939 ], [ -85.41320398326603, 32.598525957680451 ], [ -85.41344194549707, 32.598421942158183 ], [ -85.41382994379488, 32.598268990396932 ], [ -85.414263958741074, 32.59808998142509 ], [ -85.415268948931342, 32.597661982587354 ], [ -85.41541496168459, 32.597599982256213 ], [ -85.41603798854733, 32.597335950752871 ], [ -85.41630495216333, 32.597221977031211 ], [ -85.416906940449095, 32.596997983644016 ], [ -85.41738093707346, 32.596853997687404 ], [ -85.417635998386942, 32.596788960306 ], [ -85.417892987538195, 32.596732961741075 ], [ -85.418565970543824, 32.596645962640139 ], [ -85.419112973544784, 32.596569979590022 ], [ -85.421244994435469, 32.59624295515097 ], [ -85.422081927467133, 32.596113938702999 ], [ -85.423160929862391, 32.595935984676842 ], [ -85.423548928160201, 32.59587193526427 ], [ -85.423980931449648, 32.595783946691199 ], [ -85.424318973604542, 32.595714953985592 ], [ -85.424689956638929, 32.595639958783721 ], [ -85.424962955225212, 32.595583959500715 ], [ -85.425323963794824, 32.595508964189207 ], [ -85.426109934855191, 32.595344991170826 ], [ -85.426973941434085, 32.595164987714291 ], [ -85.427876923862769, 32.59501097113116 ], [ -85.428268945474088, 32.594956948745619 ], [ -85.429117948446333, 32.594860979486278 ], [ -85.42968749876681, 32.594800248334558 ], [ -85.430478918064267, 32.594715930830063 ], [ -85.430801956612498, 32.594655976375357 ], [ -85.431045953813808, 32.594585994151913 ], [ -85.431448955718295, 32.59441997152431 ], [ -85.431564961258175, 32.594349989116559 ], [ -85.43204599868119, 32.594382967715106 ], [ -85.432290917891862, 32.594445958923153 ], [ -85.432404995594013, 32.594474982884172 ], [ -85.432741948101523, 32.594423996746912 ], [ -85.43280992533623, 32.594306982746026 ], [ -85.432831969741585, 32.594266942313538 ], [ -85.432948981109845, 32.593968933594283 ], [ -85.4330159525162, 32.59370997592378 ], [ -85.433036991093147, 32.593572975926293 ], [ -85.433051994699824, 32.593354976014005 ], [ -85.433052916709158, 32.593137964236725 ], [ -85.433042942244398, 32.593024973841999 ], [ -85.432993991929877, 32.592521952999668 ], [ -85.433134975541222, 32.592140960323889 ], [ -85.433301943052399, 32.59169195890594 ], [ -85.433357934165585, 32.591520987500971 ], [ -85.433407974127519, 32.591366964654895 ], [ -85.433610983822319, 32.590797974706902 ], [ -85.433741992968891, 32.590541973955418 ], [ -85.433758924413297, 32.590512948720608 ], [ -85.433855986852024, 32.590355958054111 ], [ -85.43397894937155, 32.590177992593532 ], [ -85.434116999316771, 32.589999956158145 ], [ -85.434271980706441, 32.589831947630799 ], [ -85.434500974301073, 32.589620930169175 ], [ -85.434818983707373, 32.589381945937994 ], [ -85.434985951218579, 32.589268950807742 ], [ -85.437853987026742, 32.587341938175904 ], [ -85.438630989450729, 32.586798982915397 ], [ -85.438710952806971, 32.58672899455653 ], [ -85.438877920318163, 32.586555965584147 ], [ -85.438972971100114, 32.586400945466046 ], [ -85.439032985526822, 32.586273962955424 ], [ -85.439074978861711, 32.586131937253526 ], [ -85.439098951104782, 32.585986945094 ], [ -85.439099956933191, 32.585779944190961 ], [ -85.439033991355203, 32.585351957184635 ], [ -85.438957967493451, 32.584991980392722 ], [ -85.43890097055187, 32.584638994094782 ], [ -85.438898204523838, 32.583849325237018 ], [ -85.438894935581587, 32.582934992870264 ], [ -85.438837938640035, 32.580386946695889 ], [ -85.438762920606635, 32.577094939266225 ], [ -85.438749928656719, 32.57634496988836 ], [ -85.438722938928507, 32.574726983886713 ], [ -85.438716987777269, 32.574166929457867 ], [ -85.438715981948874, 32.574113954018685 ], [ -85.438705923665069, 32.573077960040166 ], [ -85.438705923665069, 32.573041936307497 ], [ -85.438704917836688, 32.572991997501241 ], [ -85.438702989998959, 32.572772958646269 ], [ -85.438673988613985, 32.569954931211619 ], [ -85.438705923665069, 32.569612975800396 ], [ -85.438744983333862, 32.569391950838714 ], [ -85.438776918384946, 32.569293976352604 ], [ -85.438801980275414, 32.569217970116647 ], [ -85.438915974158562, 32.568934994660722 ], [ -85.438948998857043, 32.568872974459005 ], [ -85.439021921414636, 32.568735936503593 ], [ -85.439146979409955, 32.568546979185648 ], [ -85.439383935812614, 32.568254959878452 ], [ -85.439597925800584, 32.568039935862153 ], [ -85.439834966022261, 32.567844972773692 ], [ -85.440095978487022, 32.567671977997279 ], [ -85.440447934601195, 32.567486974231038 ], [ -85.445868930477303, 32.565086976704571 ], [ -85.448137995484828, 32.564024952891806 ], [ -85.448732942971944, 32.563763930747065 ], [ -85.449112978461756, 32.563613957463566 ], [ -85.449651934835657, 32.563427956335502 ], [ -85.450833950820879, 32.563096996291605 ], [ -85.451660155016498, 32.562879134200422 ], [ -85.45185796793136, 32.56282699980833 ], [ -85.452273961785735, 32.562744983447246 ], [ -85.452497926238479, 32.562702950916176 ], [ -85.452849966171684, 32.562656962359618 ], [ -85.452874944243135, 32.562653995355163 ], [ -85.453165963921251, 32.562637959400803 ], [ -85.453648929181981, 32.562634992395708 ], [ -85.453941960516858, 32.562645942056861 ], [ -85.455526978406581, 32.562766953384234 ], [ -85.457494965452184, 32.56289997382023 ], [ -85.457982959854846, 32.562927948353092 ], [ -85.458431978407717, 32.56296998077876 ], [ -85.459531935560918, 32.563040976679915 ], [ -85.46012495521029, 32.563047970302947 ], [ -85.460625941562839, 32.563031934419001 ], [ -85.461040929588847, 32.562993999298868 ], [ -85.461453989777141, 32.562938968621225 ], [ -85.46203099999147, 32.562831944806177 ], [ -85.463568995404415, 32.562516947899439 ], [ -85.464364940929556, 32.562363934874206 ], [ -85.465071954462047, 32.562221941944223 ], [ -85.466235949355465, 32.561987971014176 ], [ -85.466481958213564, 32.561956958517193 ], [ -85.466812959569793, 32.561939933428874 ], [ -85.467061985913006, 32.561945938128446 ], [ -85.46730992260882, 32.561967978904597 ], [ -85.467554925638552, 32.562004996093378 ], [ -85.467909983056856, 32.562085953479723 ], [ -85.468187926966024, 32.562170937463776 ], [ -85.46841298106618, 32.562260937039923 ], [ -85.46862797688253, 32.562369939545405 ], [ -85.468833920243455, 32.562490951245039 ], [ -85.469030978787018, 32.562620934441696 ], [ -85.469950976479097, 32.563292958693417 ], [ -85.470865945029288, 32.563940959651234 ], [ -85.471213961648985, 32.564140946791966 ], [ -85.471506992983862, 32.564278980750565 ], [ -85.471803963813215, 32.564396952286891 ], [ -85.472207971546069, 32.564514994309583 ], [ -85.472625977057234, 32.564593971470849 ], [ -85.473632811266199, 32.564734830385504 ], [ -85.474598993244769, 32.564869967140396 ], [ -85.475211961823689, 32.564908961085145 ], [ -85.47524398069379, 32.5645479838836 ], [ -85.475302989292132, 32.564187994214194 ], [ -85.475426957640025, 32.563698940000265 ], [ -85.475581939029667, 32.563241954821827 ], [ -85.475733986753198, 32.56289093154512 ], [ -85.475896930950839, 32.562567952183194 ], [ -85.476043949532482, 32.562315968133447 ], [ -85.476164984214265, 32.56213095332172 ], [ -85.476509983348805, 32.561645985232815 ], [ -85.478692966210772, 32.558711960699867 ], [ -85.479034947860157, 32.558236935280306 ], [ -85.479125975328614, 32.55810998353401 ], [ -85.480700934934518, 32.55566098773614 ], [ -85.481407948467023, 32.554562962497549 ], [ -85.481944977003224, 32.554562962497549 ], [ -85.481700979801914, 32.554492948979821 ], [ -85.481755965086705, 32.554069970087909 ], [ -85.481937936204559, 32.553616962923932 ], [ -85.481929973396532, 32.553499966316672 ], [ -85.481931985053293, 32.553484988479113 ], [ -85.482045978936426, 32.552704936418912 ], [ -85.482348984736078, 32.550708958559248 ], [ -85.482498936983816, 32.549812940754443 ], [ -85.482541936147101, 32.549609954245057 ], [ -85.482642938080303, 32.549334971440373 ], [ -85.482753998297326, 32.54906994995968 ], [ -85.482975951093294, 32.548660935000541 ], [ -85.483163957181432, 32.548337975076429 ], [ -85.483322961884582, 32.548139931039174 ], [ -85.483614987391093, 32.547838942832371 ], [ -85.483703919383743, 32.547724976846538 ], [ -85.483693944918954, 32.547618994708792 ], [ -85.483636947977388, 32.547541980943556 ], [ -85.483481966587775, 32.547541980943556 ], [ -85.483250961336353, 32.547585998911039 ], [ -85.482985925558083, 32.547671985793308 ], [ -85.482729942235224, 32.547758961758873 ], [ -85.482609997200839, 32.547734939161053 ], [ -85.482469935598843, 32.547719960361498 ], [ -85.482123930635936, 32.547752956110017 ], [ -85.480666988226659, 32.548042993163492 ], [ -85.480474958824999, 32.548058961071497 ], [ -85.480520975473439, 32.548030981903381 ], [ -85.480645949649713, 32.547977991030791 ], [ -85.480675956863053, 32.547963930780689 ], [ -85.480922971549532, 32.547825942380044 ], [ -85.481130926567204, 32.547723987680499 ], [ -85.481233940157168, 32.547672974959923 ], [ -85.481486989813931, 32.547538942784477 ], [ -85.481823942321412, 32.547378980031667 ], [ -85.481959980609886, 32.547307971739549 ], [ -85.48235594171571, 32.54710999608519 ], [ -85.482376980292671, 32.547102930564833 ], [ -85.482400952535741, 32.547085973313699 ], [ -85.482433977234237, 32.547081945966092 ], [ -85.482459961134069, 32.547064988711 ], [ -85.482550988602526, 32.547031992709613 ], [ -85.482595999422543, 32.547020970488042 ], [ -85.48262198332236, 32.547004931740119 ], [ -85.482673951122024, 32.546992990996415 ], [ -85.482705969992139, 32.546970946542324 ], [ -85.482738994690635, 32.546964940840752 ], [ -85.482816946390145, 32.546921982398977 ], [ -85.482838990795486, 32.54691894421893 ], [ -85.483062955248215, 32.546826950904574 ], [ -85.483101512002804, 32.54681317309592 ], [ -85.483387921634176, 32.546710934624116 ], [ -85.483490935224154, 32.546683944213363 ], [ -85.483516919123986, 32.546666986883089 ], [ -85.483666955190756, 32.54662798501132 ], [ -85.483886980149009, 32.546520941743559 ], [ -85.484100970136964, 32.54636896128077 ], [ -85.484146986785376, 32.546351933235194 ], [ -85.484324934589708, 32.546213942356786 ], [ -85.484593993681514, 32.546026986634786 ], [ -85.484891970339248, 32.545799968448954 ], [ -85.485124987247431, 32.545607995261825 ], [ -85.485202938946912, 32.545503989005937 ], [ -85.485280974465439, 32.545422946004265 ], [ -85.485292960586975, 32.545404999244219 ], [ -85.485512985545228, 32.545255984472064 ], [ -85.486207929137166, 32.545036948559037 ], [ -85.487271927925732, 32.544703942290703 ], [ -85.488865998270896, 32.543904948312026 ], [ -85.489804939064172, 32.543494991266151 ], [ -85.490068969014047, 32.543462983165682 ], [ -85.490641955914853, 32.543393950203779 ], [ -85.49079299780999, 32.54333396143533 ], [ -85.491304964455693, 32.543024972715152 ], [ -85.491777955251678, 32.542663978143658 ], [ -85.492716979863971, 32.541842990957576 ], [ -85.493628930929006, 32.54115095065756 ], [ -85.493787935632184, 32.54094193845841 ], [ -85.493867982807458, 32.540687985862 ], [ -85.493898995849193, 32.540335955782879 ], [ -85.493861947837175, 32.539630972890315 ], [ -85.493902935343669, 32.539408955482124 ], [ -85.494112985837162, 32.539295968054383 ], [ -85.494310966390074, 32.539270953932977 ], [ -85.494742969679535, 32.539218947149756 ], [ -85.495098949107216, 32.539121999641949 ], [ -85.495653998735222, 32.538881962249846 ], [ -85.496439969795617, 32.538350938185708 ], [ -85.496615989762219, 32.538197954622539 ], [ -85.496830985578569, 32.537898982297108 ], [ -85.496941961976546, 32.537488997830309 ], [ -85.496952942269701, 32.537245988228918 ], [ -85.496905919792923, 32.537148967928147 ], [ -85.496805923688072, 32.537086996421174 ], [ -85.496267973142537, 32.537156952851269 ], [ -85.495980976777943, 32.537114978999739 ], [ -85.495664979028376, 32.536881931905036 ], [ -85.495632960158275, 32.536607970068609 ], [ -85.495796994003328, 32.536447987841072 ], [ -85.49638196702567, 32.536247938992148 ], [ -85.496634932863373, 32.536065979655689 ], [ -85.49666393424836, 32.536018988155497 ], [ -85.496683966996926, 32.535985988094808 ], [ -85.49719693947101, 32.535153986840754 ], [ -85.497749977442268, 32.534572980545377 ], [ -85.497822983818892, 32.534407977464156 ], [ -85.497863971325401, 32.53375093006796 ], [ -85.497877969103698, 32.533528968789192 ], [ -85.498045942443269, 32.533021939614436 ], [ -85.498722948762406, 32.531792973818163 ], [ -85.498787992331032, 32.531676938113165 ], [ -85.49890491988026, 32.53146698518681 ], [ -85.499101978423809, 32.531105944153488 ], [ -85.499281937884916, 32.530531978498004 ], [ -85.499435997265209, 32.529833985526494 ], [ -85.499468938144659, 32.529406932986305 ], [ -85.499347987281908, 32.528648932695326 ], [ -85.499263916793112, 32.528410987410346 ], [ -85.499144977587093, 32.528223994623566 ], [ -85.498796960967439, 32.527872975744863 ], [ -85.498553969594496, 32.527343936043557 ], [ -85.49833495046461, 32.5271999796038 ], [ -85.497874951618556, 32.527218990064881 ], [ -85.497586949425596, 32.527180969138705 ], [ -85.497453928622249, 32.527073973360473 ], [ -85.497422999399546, 32.52693595285858 ], [ -85.497507991897706, 32.526700971229602 ], [ -85.497544956090692, 32.526013973294013 ], [ -85.49740095499422, 32.525702946166433 ], [ -85.497367930295709, 32.525655949244843 ], [ -85.496712968381914, 32.524714945558259 ], [ -85.496664940076741, 32.524579960368371 ], [ -85.496673992532152, 32.524333947571421 ], [ -85.496803995850371, 32.524070972503829 ], [ -85.496995941432971, 32.523881991826784 ], [ -85.497704966622237, 32.523573996288974 ], [ -85.497952987137097, 32.523383954458687 ], [ -85.498443999024857, 32.522401935695669 ], [ -85.49912997398043, 32.521776957676771 ], [ -85.499630960332979, 32.521162930032126 ], [ -85.499732968094577, 32.520929982903425 ], [ -85.499706984194731, 32.520788984575532 ], [ -85.499535993370046, 32.520631942568464 ], [ -85.499085968988766, 32.520537943396043 ], [ -85.498842977615837, 32.52034499741827 ], [ -85.498636950435866, 32.519370931948785 ], [ -85.498932999255899, 32.518885944899672 ], [ -85.498929981770743, 32.518674972596116 ], [ -85.498390941577796, 32.518222988389255 ], [ -85.498272924381141, 32.518074988688177 ], [ -85.498036973806862, 32.51765699776734 ], [ -85.497974947723392, 32.517472951097837 ], [ -85.497934966045264, 32.517354988575754 ], [ -85.497934966045264, 32.517248970598772 ], [ -85.49795994411673, 32.517073969984487 ], [ -85.497952987137097, 32.516924978886017 ], [ -85.497906970488685, 32.516727996442668 ], [ -85.497867994638924, 32.516623956743267 ], [ -85.497847961890344, 32.516601975514178 ], [ -85.497821977990526, 32.516552994813999 ], [ -85.497750983270649, 32.516453973143761 ], [ -85.49767898272242, 32.516381950889659 ], [ -85.497626931103724, 32.516305970529615 ], [ -85.497567922505382, 32.51623995591347 ], [ -85.497470943885688, 32.516149980882133 ], [ -85.497463986906055, 32.516130968079231 ], [ -85.497326942789215, 32.515970949385334 ], [ -85.497254942240971, 32.515855953443079 ], [ -85.49719693947101, 32.515728941773482 ], [ -85.497143965842966, 32.515596982325107 ], [ -85.497085963073033, 32.515488983232281 ], [ -85.496987978624972, 32.515362960566605 ], [ -85.496928970026644, 32.515213966631826 ], [ -85.496901980298418, 32.515027935907376 ], [ -85.496882953378218, 32.514999946448953 ], [ -85.496849928679723, 32.514971956981803 ], [ -85.496869961428303, 32.51494396750595 ], [ -85.496856969478401, 32.514884949264392 ], [ -85.496810952829975, 32.514757936222686 ], [ -85.496790920081409, 32.514729946680177 ], [ -85.496784968930157, 32.514708954517594 ], [ -85.496738952281717, 32.514636930865201 ], [ -85.496731995302099, 32.514614949150186 ], [ -85.496599980327161, 32.514405945887106 ], [ -85.496506941201943, 32.514242955517801 ], [ -85.496438963967236, 32.514082933462682 ], [ -85.49641197423901, 32.513929979253263 ], [ -85.496392947318824, 32.513896971078722 ], [ -85.496437958138856, 32.513846999365313 ], [ -85.496450950088757, 32.513802964862151 ], [ -85.496450950088757, 32.513775964562214 ], [ -85.496482968958873, 32.513609933743808 ], [ -85.496443993109139, 32.513533951040493 ], [ -85.496397976460727, 32.513473942329888 ], [ -85.496364951762217, 32.513440933987887 ], [ -85.496358916791934, 32.513412944035302 ], [ -85.496338967862386, 32.513384954073985 ], [ -85.496318935113806, 32.513187963872433 ], [ -85.49629596869913, 32.513063987758201 ], [ -85.496256992849382, 32.512910961132832 ], [ -85.496246934565576, 32.512885939664457 ], [ -85.496258920687112, 32.512556984458023 ], [ -85.496245928737196, 32.512541999791672 ], [ -85.496238971757563, 32.512523975779317 ], [ -85.496264955657381, 32.51248396952721 ], [ -85.496284988405975, 32.512440994593447 ], [ -85.49630694899227, 32.512233965389463 ], [ -85.496299992012652, 32.512102990368561 ], [ -85.496308960649046, 32.511786967284728 ], [ -85.496342991175922, 32.511295931226066 ], [ -85.496332932892116, 32.511193935059389 ], [ -85.49630694899227, 32.511089959638021 ], [ -85.496267973142537, 32.511023941191127 ], [ -85.496162947895783, 32.51089197483558 ], [ -85.496006960677803, 32.510757958456225 ], [ -85.495827923226031, 32.510569939359407 ], [ -85.495752989011677, 32.510474940087263 ], [ -85.495726921292842, 32.510425956048337 ], [ -85.495706972363266, 32.510403973303575 ], [ -85.495654920744599, 32.510283951663446 ], [ -85.495628936844753, 32.510211995149845 ], [ -85.495562971266779, 32.509997963057707 ], [ -85.495490970718549, 32.509793967663413 ], [ -85.495464986818703, 32.509734946040624 ], [ -85.495379994320544, 32.509596969592785 ], [ -85.495373959350275, 32.509575976231488 ], [ -85.495308999600695, 32.509469949079374 ], [ -85.495301958802031, 32.509447966100851 ], [ -85.495262982952283, 32.509388944250894 ], [ -85.495177990454124, 32.509168972655623 ], [ -85.495163992675828, 32.508926946731009 ], [ -85.495176984625743, 32.508844951819064 ], [ -85.495202968525561, 32.508734965423209 ], [ -85.495223923283504, 32.508704994813861 ], [ -85.495230964082168, 32.508687959628155 ], [ -85.495389968785332, 32.508481982064993 ], [ -85.495609993743571, 32.508269995741117 ], [ -85.495739997061762, 32.50809094855002 ], [ -85.495786935719522, 32.508034965304596 ], [ -85.495806968468102, 32.507992977847621 ], [ -85.495842926832708, 32.507952969579151 ], [ -85.495847955974611, 32.50792794673081 ], [ -85.495915933209346, 32.507825946743068 ], [ -85.495939989271434, 32.5077719425447 ], [ -85.495971924322518, 32.507733984076957 ], [ -85.495991957071084, 32.507678990216291 ], [ -85.496010983991297, 32.507656936113634 ], [ -85.496036967891115, 32.50759593387199 ], [ -85.496055994811329, 32.507573950435251 ], [ -85.496087929862412, 32.507502981361633 ], [ -85.496120954560908, 32.507463962484529 ], [ -85.496126989531177, 32.507440989405865 ], [ -85.496463942038687, 32.507001955072873 ], [ -85.496644991147193, 32.506835982430445 ], [ -85.496741969766887, 32.506759994001705 ], [ -85.496773988636988, 32.506747977221053 ], [ -85.496949924784559, 32.506736950056208 ], [ -85.497150922822598, 32.506773990014793 ], [ -85.497202974441308, 32.50679993211412 ], [ -85.497453928622249, 32.506993967469754 ], [ -85.497508997726086, 32.507020969806639 ], [ -85.497534981625932, 32.507037934621479 ], [ -85.49759298439588, 32.507048961749405 ], [ -85.497651992994193, 32.507004994603072 ], [ -85.497664984944109, 32.506965975509871 ], [ -85.497657944145445, 32.506931975163027 ], [ -85.497637995215911, 32.506894935269528 ], [ -85.497618968295697, 32.506872951661386 ], [ -85.49759298439588, 32.506821986426999 ], [ -85.497572951647285, 32.50680198203446 ], [ -85.497523917513732, 32.506685984744735 ], [ -85.497503968584184, 32.506606956645662 ], [ -85.497521989676002, 32.506407972349777 ], [ -85.497538921120423, 32.506345979639036 ], [ -85.497629948588866, 32.506254934394576 ], [ -85.497648975509065, 32.506229981761024 ], [ -85.497661967458967, 32.506196970759241 ], [ -85.497668924438614, 32.506163959745336 ], [ -85.497661967458967, 32.506125929911313 ], [ -85.497642940538768, 32.506108964924394 ], [ -85.497602958860639, 32.506026967442509 ], [ -85.497557948040608, 32.505971972537786 ], [ -85.497511931392197, 32.505861982627401 ], [ -85.497498939442281, 32.505724989864504 ], [ -85.497507991897706, 32.505661936365826 ], [ -85.497556942212228, 32.505563963016691 ], [ -85.497575969132441, 32.505493981987676 ], [ -85.497568928333763, 32.505400956616292 ], [ -85.497555936383847, 32.50536094719444 ], [ -85.497360973316091, 32.505169947906978 ], [ -85.497343958052667, 32.50513198834075 ], [ -85.49731495666768, 32.504999942648482 ], [ -85.497328954445976, 32.50487496560482 ], [ -85.497378994407896, 32.504757976189907 ], [ -85.497362984972852, 32.504682975645039 ], [ -85.497306993859667, 32.504538982906205 ], [ -85.497283943625945, 32.504414994864831 ], [ -85.497299953061002, 32.504257994938868 ], [ -85.497311939182538, 32.504212966093675 ], [ -85.497331971931104, 32.504197980036587 ], [ -85.497344963881034, 32.504153940807193 ], [ -85.497462981077675, 32.504008957573753 ], [ -85.497479996341127, 32.503933956404161 ], [ -85.497473961370844, 32.503905963491661 ], [ -85.497395925852317, 32.503840929418871 ], [ -85.497297941404256, 32.503851956938881 ], [ -85.497187970834631, 32.503873941285612 ], [ -85.497038940596241, 32.503961949307957 ], [ -85.496934921177896, 32.503989942203027 ], [ -85.496850934508103, 32.503989942203027 ], [ -85.496785974758538, 32.503978985389075 ], [ -85.496681955340165, 32.50392497888015 ], [ -85.49655496950713, 32.503826932949231 ], [ -85.496525968122157, 32.503787983166184 ], [ -85.496492943423661, 32.503754971267874 ], [ -85.496466959523829, 32.503703933576851 ], [ -85.496446926775263, 32.503683999179962 ], [ -85.496414991724166, 32.503595990885593 ], [ -85.496404933440346, 32.503548982403913 ], [ -85.496419937047037, 32.503342993068081 ], [ -85.496465953695449, 32.503232999941908 ], [ -85.496529991435679, 32.503171994698896 ], [ -85.49658497672047, 32.503126965309882 ], [ -85.496698970603603, 32.503056982384244 ], [ -85.496737946453351, 32.503044965108714 ], [ -85.497022931161197, 32.502939990604119 ], [ -85.497126950579556, 32.502912987041704 ], [ -85.497236921149138, 32.502923943985543 ], [ -85.497321997466344, 32.502939990604119 ], [ -85.49734798136619, 32.502954976870861 ], [ -85.497425933065657, 32.502971942452838 ], [ -85.497535987454313, 32.502960985514832 ], [ -85.497587955253977, 32.502915956020161 ], [ -85.497613939153794, 32.502889942110293 ], [ -85.497958938288335, 32.501851995104523 ], [ -85.498205952974786, 32.501107971371589 ], [ -85.498218944924702, 32.501057992549612 ], [ -85.498237971844915, 32.501035936823016 ], [ -85.498243922996167, 32.501014941462863 ], [ -85.498580959322709, 32.500708988318436 ], [ -85.498597974586133, 32.5006839634542 ], [ -85.498792937653903, 32.500765965808213 ], [ -85.50197898286838, 32.502081951978333 ], [ -85.502472928422279, 32.502284975203573 ], [ -85.512857938813596, 32.5065789645653 ], [ -85.527126955496485, 32.512477961519615 ], [ -85.527219994621689, 32.512514999112987 ], [ -85.533576997624962, 32.51518498770691 ], [ -85.533614967646329, 32.515199971932674 ], [ -85.537457986431392, 32.51677294834073 ], [ -85.538554926099422, 32.517240983906106 ], [ -85.552022968115295, 32.523006979255605 ], [ -85.551998995872196, 32.523026980041955 ], [ -85.551804954813775, 32.523168964294797 ], [ -85.551663971202444, 32.523319994585322 ], [ -85.551565986754369, 32.523462967808463 ], [ -85.551543942349014, 32.523507987011563 ], [ -85.551541930692252, 32.52364297381186 ], [ -85.55155098314772, 32.523715979677476 ], [ -85.551571937905621, 32.52376997429694 ], [ -85.551665982859191, 32.523906939560469 ], [ -85.551800931500253, 32.524070972503829 ], [ -85.551978963123631, 32.524270977798651 ], [ -85.55214693646316, 32.524443985553226 ], [ -85.552344917016086, 32.524661940926727 ], [ -85.552501993881521, 32.524852969472036 ], [ -85.552689999969658, 32.525063997944123 ], [ -85.552836934732269, 32.525218982705248 ], [ -85.552993927778658, 32.52537396719903 ], [ -85.553065928326902, 32.525508951196045 ], [ -85.55331897798365, 32.525719978127448 ], [ -85.553495919959573, 32.525964997723676 ], [ -85.55380898404303, 32.526357932283396 ], [ -85.554331930981903, 32.526957931559977 ], [ -85.554537958161859, 32.527348953666888 ], [ -85.554702997835292, 32.527702942752853 ], [ -85.554805927606253, 32.52788392964645 ], [ -85.555002986149816, 32.528265972629988 ], [ -85.555450998874321, 32.528847938425365 ], [ -85.555734977753758, 32.529067932527944 ], [ -85.5559969960469, 32.529321988651361 ], [ -85.556121970223188, 32.529540992226714 ], [ -85.556153989093303, 32.529658938751979 ], [ -85.55621199186325, 32.529875962780608 ], [ -85.556216937186122, 32.530208953367506 ], [ -85.556178967164755, 32.530596993260261 ], [ -85.556121970223188, 32.530848995687499 ], [ -85.55608492221117, 32.531154987589041 ], [ -85.556004958854913, 32.531477938650156 ], [ -85.555935975791812, 32.531792973818163 ], [ -85.555907980235219, 32.532253935129198 ], [ -85.555914937214851, 32.532478938227491 ], [ -85.555923989670276, 32.532619988877322 ], [ -85.555931952478289, 32.532731995372856 ], [ -85.555929940821542, 32.532856933683831 ], [ -85.555096947284355, 32.533222984974607 ], [ -85.553095935540242, 32.534099947346327 ], [ -85.552263947831449, 32.534463944281988 ], [ -85.549436983348826, 32.53571598071877 ], [ -85.546508933113955, 32.536996971601646 ], [ -85.540268941478956, 32.539746998319359 ], [ -85.539861916260975, 32.539925982441808 ], [ -85.539579949038284, 32.540050981406154 ], [ -85.537988979997294, 32.540772990108209 ], [ -85.537726961704166, 32.540896998652265 ], [ -85.537274925666139, 32.54112996466764 ], [ -85.536396921308949, 32.54161794065903 ], [ -85.536288962396085, 32.541682947396602 ], [ -85.535978999616802, 32.541870972054163 ], [ -85.53554599049896, 32.542132976444655 ], [ -85.535126979159429, 32.542402964527284 ], [ -85.534504958125069, 32.542830944495996 ], [ -85.533918979274361, 32.543255954778964 ], [ -85.533534920471041, 32.543556958350933 ], [ -85.532357933627708, 32.544445972868438 ], [ -85.531009955959689, 32.545475938385032 ], [ -85.529257132368471, 32.54681317309592 ], [ -85.528141920151512, 32.547663931150481 ], [ -85.527701954054052, 32.547999964583092 ] ] ] } },
{ "type": "Feature", "properties": { "gid": "6" }, "geometry": { "type": "Polygon", "coordinates": [ [ [ -85.503270969423227, 32.609281979479107 ], [ -85.503255965816535, 32.608417966906622 ], [ -85.503257977473311, 32.608146977181576 ], [ -85.503237944724731, 32.607504944318187 ], [ -85.503210954996518, 32.606004943301144 ], [ -85.502758918958477, 32.606031986471606 ], [ -85.501827940973229, 32.606087979224192 ], [ -85.501613950985288, 32.606098994187789 ], [ -85.500933927180981, 32.60614093576757 ], [ -85.499970930325603, 32.606197987581929 ], [ -85.498994941520323, 32.60626393604484 ], [ -85.497782918321732, 32.606308984324563 ], [ -85.497716952743787, 32.606309972844549 ], [ -85.496643985318798, 32.606325930380031 ], [ -85.495278992387341, 32.606346971727788 ], [ -85.495031977700876, 32.606337933834048 ], [ -85.494703993829788, 32.606326989508403 ], [ -85.49463199328153, 32.606304959635914 ], [ -85.494566949712933, 32.606272973946034 ], [ -85.494509952771352, 32.606228984777722 ], [ -85.494460918637799, 32.606176946199177 ], [ -85.494404927524627, 32.606084943048081 ], [ -85.494113991665543, 32.606210979574186 ], [ -85.49389296087891, 32.606273962466418 ], [ -85.493692968669237, 32.606326989508403 ], [ -85.493531952309311, 32.606349937286474 ], [ -85.493276974814847, 32.606360952217862 ], [ -85.492881935718373, 32.60636497690399 ], [ -85.491503950837, 32.606380934429673 ], [ -85.490445987018703, 32.606402964283461 ], [ -85.49005396540737, 32.606433961408321 ], [ -85.489554990711582, 32.606464958522437 ], [ -85.488739934447182, 32.606473996403352 ], [ -85.48747192013542, 32.606481975156832 ], [ -85.487017956259649, 32.606500968823774 ], [ -85.486139951902445, 32.606518973969024 ], [ -85.485242920625041, 32.606536979110643 ], [ -85.48494796145242, 32.606540933180469 ], [ -85.483958980697253, 32.606549971053724 ], [ -85.483044934156396, 32.60655794980044 ], [ -85.482617960008866, 32.606562962994914 ], [ -85.481765939551465, 32.606549971053724 ], [ -85.481721934559843, 32.606422946485907 ], [ -85.481716989236958, 32.604278964900196 ], [ -85.481761916237957, 32.604130965858673 ], [ -85.481778931501381, 32.603232939713671 ], [ -85.481778931501381, 32.601367942675459 ], [ -85.481782954814904, 32.601190987660949 ], [ -85.481745990621917, 32.599135996048453 ], [ -85.481756970915086, 32.598743945012586 ], [ -85.481712965923435, 32.597441944771596 ], [ -85.481697962316744, 32.596777944197626 ], [ -85.481732998672015, 32.596329954643217 ], [ -85.481742973136775, 32.59601698204925 ], [ -85.481774992006891, 32.595809933694483 ], [ -85.481875993940108, 32.595400990603181 ], [ -85.482018989208214, 32.595000943448987 ], [ -85.482188974204533, 32.594605978990224 ], [ -85.482353930058963, 32.594244980093414 ], [ -85.482794985803835, 32.593282944828267 ], [ -85.483141996595137, 32.592523930343894 ], [ -85.484816952305877, 32.588862944004902 ], [ -85.484994983929226, 32.58853094785983 ], [ -85.485178966703842, 32.588219996090061 ], [ -85.485420952248404, 32.587842940021368 ], [ -85.485681964713152, 32.587476970243003 ], [ -85.485835940274427, 32.587279930704547 ], [ -85.486018917220647, 32.587047931983051 ], [ -85.486401970195587, 32.586628990913638 ], [ -85.487044945987861, 32.586077980140217 ], [ -85.487417940678995, 32.585792939143992 ], [ -85.487807950633552, 32.58552696597971 ], [ -85.488215981679943, 32.585275964558669 ], [ -85.488672963040855, 32.584984988480755 ], [ -85.489023997145665, 32.584800938561315 ], [ -85.489370924117935, 32.584600997487662 ], [ -85.490098976227401, 32.584204998432085 ], [ -85.490426960098517, 32.584027938898387 ], [ -85.490833985316499, 32.583756946026995 ], [ -85.490959965321167, 32.583684977753812 ], [ -85.491615933063358, 32.583316942825597 ], [ -85.491913993540152, 32.583148992398527 ], [ -85.492068974929794, 32.583062968887177 ], [ -85.493272951501325, 32.58232293727432 ], [ -85.493388957041205, 32.582246942080651 ], [ -85.493674947577418, 32.582061968379975 ], [ -85.494433928909601, 32.581518981138942 ], [ -85.495172961312221, 32.580947951076709 ], [ -85.495502956840085, 32.580637961805571 ], [ -85.496130929025668, 32.57998796259497 ], [ -85.496430917340192, 32.579655933580192 ], [ -85.496487998100775, 32.579588976718597 ], [ -85.496720931189913, 32.579314933346218 ], [ -85.497001976403254, 32.578963972969071 ], [ -85.49726592253414, 32.578602981701373 ], [ -85.497534981625932, 32.578133994592939 ], [ -85.497594996052626, 32.578031933067393 ], [ -85.497699937480334, 32.577831976897528 ], [ -85.497817954676989, 32.577662956728339 ], [ -85.498058934393171, 32.57779793274365 ], [ -85.498338973778132, 32.577933968019749 ], [ -85.498988990369071, 32.578268969899192 ], [ -85.499336923169707, 32.578467936267415 ], [ -85.49959894146285, 32.578647973257382 ], [ -85.499782924237465, 32.578791988463024 ], [ -85.499959950032448, 32.578943984643004 ], [ -85.500185926141953, 32.579154956608917 ], [ -85.500397988292178, 32.579375957509889 ], [ -85.500453979405378, 32.579441996343903 ], [ -85.500594963016724, 32.579606987271717 ], [ -85.500772994640073, 32.57984995281133 ], [ -85.5010029940631, 32.58021298730354 ], [ -85.501136936875781, 32.580474950384968 ], [ -85.501276998477778, 32.580811991002022 ], [ -85.501344975712499, 32.581017943949064 ], [ -85.502282994496412, 32.58469394083275 ], [ -85.502497990312762, 32.585452951002338 ], [ -85.502587928133778, 32.585723938746753 ], [ -85.50276998307065, 32.586272974214367 ], [ -85.503029989707045, 32.58694693996236 ], [ -85.503283961373157, 32.587544980563791 ], [ -85.503627954679288, 32.588264982819844 ], [ -85.503968930500307, 32.588911955882153 ], [ -85.504481986793422, 32.589800944761777 ], [ -85.505681940051446, 32.591807987641417 ], [ -85.505976983043098, 32.592299995832384 ], [ -85.506252999114523, 32.592747934915081 ], [ -85.50660294357192, 32.593344948146516 ], [ -85.506869991006965, 32.593865972057607 ], [ -85.507077946024651, 32.594329933603156 ], [ -85.507232927414293, 32.594734997609386 ], [ -85.507384975137825, 32.595215973429958 ], [ -85.507526964577536, 32.595769964550456 ], [ -85.507601982610936, 32.596189992756393 ], [ -85.507671971502432, 32.596683954141021 ], [ -85.507713964837293, 32.597179960659822 ], [ -85.507732991757493, 32.59832399939377 ], [ -85.507734919595222, 32.598485989747957 ], [ -85.507738942908745, 32.59870899081136 ], [ -85.507731985929112, 32.600152976347289 ], [ -85.507739948737139, 32.600874995694248 ], [ -85.507778924586873, 32.602647996313529 ], [ -85.507781942072, 32.602766976539584 ], [ -85.507833993690724, 32.604258982219456 ], [ -85.507850925135131, 32.605270961705266 ], [ -85.507890990632276, 32.607640934507131 ], [ -85.503965996834197, 32.609126998675848 ], [ -85.503273986908354, 32.609373979346167 ], [ -85.503270969423227, 32.609281979479107 ] ] ] } },
{ "type": "Feature", "properties": { "gid": "7" }, "geometry": { "type": "Polygon", "coordinates": [ [ [ -85.477189923334066, 32.575698965620077 ], [ -85.477712954091999, 32.57537793946323 ], [ -85.48070495824804, 32.573545984710421 ], [ -85.481471986207268, 32.573075982266978 ], [ -85.48430892515465, 32.571321962822019 ], [ -85.484468935686195, 32.571223990444103 ], [ -85.490006942930592, 32.567824981969295 ], [ -85.491435973602265, 32.566951951646388 ], [ -85.494705921667517, 32.564928952539375 ], [ -85.499495927872886, 32.561998991397758 ], [ -85.499851991119613, 32.561792994773036 ], [ -85.500298998015722, 32.561545953615536 ], [ -85.500436964141926, 32.561477994218706 ], [ -85.500993941607675, 32.561202977131899 ], [ -85.501358973490795, 32.561013933302597 ], [ -85.501567934336862, 32.560906977835614 ], [ -85.502003960939831, 32.560698930013153 ], [ -85.502300931769184, 32.560567955007535 ], [ -85.502801918121747, 32.560372975680622 ], [ -85.503449923055939, 32.560100992940789 ], [ -85.504373944061555, 32.559712939256414 ], [ -85.505876986938247, 32.559094932218073 ], [ -85.505260917055139, 32.560233946684406 ], [ -85.50515597562746, 32.560488974302245 ], [ -85.505042987572679, 32.560763993577545 ], [ -85.505033935117268, 32.56078094824457 ], [ -85.504797984542989, 32.56124797741672 ], [ -85.504722966509604, 32.561398943670525 ], [ -85.504406968760051, 32.562018983500415 ], [ -85.504255926864886, 32.562316957138677 ], [ -85.504157942416811, 32.562478941918457 ], [ -85.503950993227519, 32.562780940672489 ], [ -85.503939929115347, 32.562796976601312 ], [ -85.503823923575439, 32.563053974928359 ], [ -85.503631977992811, 32.563398992965261 ], [ -85.503467944147744, 32.563693995050201 ], [ -85.503337940829567, 32.563928950518736 ], [ -85.503268957766451, 32.564041977584466 ], [ -85.503255965816535, 32.564157971462627 ], [ -85.50306393641489, 32.56448998721541 ], [ -85.502995959180168, 32.564607958474255 ], [ -85.502962934481673, 32.564667933024815 ], [ -85.50228391650576, 32.565893976415531 ], [ -85.502254998939804, 32.565946956709851 ], [ -85.502243934827632, 32.565966947932758 ], [ -85.502057940396256, 32.566283981289445 ], [ -85.501977977039985, 32.566420952350732 ], [ -85.501935983705096, 32.566493994079231 ], [ -85.501856942358231, 32.566628986904497 ], [ -85.50176499288041, 32.566798946185266 ], [ -85.501410941290459, 32.567454974686356 ], [ -85.501280937972268, 32.567694935673615 ], [ -85.501118999602994, 32.567863974629581 ], [ -85.500923952716192, 32.568170970598359 ], [ -85.500803923862776, 32.568456985915589 ], [ -85.500738964113211, 32.568610977484461 ], [ -85.5007249663349, 32.568643965552205 ], [ -85.500590939703173, 32.56899595525001 ], [ -85.50057895358168, 32.569025976382463 ], [ -85.500546934711551, 32.569124940091463 ], [ -85.50045892472825, 32.569408974512839 ], [ -85.500451967748617, 32.56943193174461 ], [ -85.500437969970307, 32.569568968636688 ], [ -85.50011199775598, 32.57058699078727 ], [ -85.499858948099259, 32.571564950810064 ], [ -85.499854924785723, 32.571583951877891 ], [ -85.499545967834806, 32.572661990998995 ], [ -85.499464998650168, 32.572909990433743 ], [ -85.499381933989739, 32.573004994307809 ], [ -85.49930096480513, 32.573241973792996 ], [ -85.499189988407124, 32.573654973503523 ], [ -85.498560926574115, 32.575853933611015 ], [ -85.498405945184459, 32.576333951267202 ], [ -85.498338973778132, 32.576610970293231 ], [ -85.498263955744733, 32.576813966353875 ], [ -85.498141999053601, 32.57707699884012 ], [ -85.498034962150086, 32.577280982686013 ], [ -85.497817954676989, 32.577662956728339 ], [ -85.497699937480334, 32.577831976897528 ], [ -85.497594996052626, 32.578031933067393 ], [ -85.497534981625932, 32.578133994592939 ], [ -85.49726592253414, 32.578602981701373 ], [ -85.497001976403254, 32.578963972969071 ], [ -85.496720931189913, 32.579314933346218 ], [ -85.496487998100775, 32.579588976718597 ], [ -85.496430917340192, 32.579655933580192 ], [ -85.496130929025668, 32.57998796259497 ], [ -85.495502956840085, 32.580637961805571 ], [ -85.495172961312221, 32.580947951076709 ], [ -85.494433928909601, 32.581518981138942 ], [ -85.493674947577418, 32.582061968379975 ], [ -85.493388957041205, 32.582246942080651 ], [ -85.493272951501325, 32.58232293727432 ], [ -85.492068974929794, 32.583062968887177 ], [ -85.491913993540152, 32.583148992398527 ], [ -85.491615933063358, 32.583316942825597 ], [ -85.490959965321167, 32.583684977753812 ], [ -85.490833985316499, 32.583756946026995 ], [ -85.490426960098517, 32.584027938898387 ], [ -85.490098976227401, 32.584204998432085 ], [ -85.489370924117935, 32.584600997487662 ], [ -85.489023997145665, 32.584800938561315 ], [ -85.488672963040855, 32.584984988480755 ], [ -85.488215981679943, 32.585275964558669 ], [ -85.487807950633552, 32.58552696597971 ], [ -85.487417940678995, 32.585792939143992 ], [ -85.487044945987861, 32.586077980140217 ], [ -85.486401970195587, 32.586628990913638 ], [ -85.486018917220647, 32.587047931983051 ], [ -85.485835940274427, 32.587279930704547 ], [ -85.485681964713152, 32.587476970243003 ], [ -85.485420952248404, 32.587842940021368 ], [ -85.485178966703842, 32.588219996090061 ], [ -85.484994983929226, 32.58853094785983 ], [ -85.484816952305877, 32.588862944004902 ], [ -85.483141996595137, 32.592523930343894 ], [ -85.482794985803835, 32.593282944828267 ], [ -85.482353930058963, 32.594244980093414 ], [ -85.482188974204533, 32.594605978990224 ], [ -85.482018989208214, 32.595000943448987 ], [ -85.481875993940108, 32.595400990603181 ], [ -85.481774992006891, 32.595809933694483 ], [ -85.481742973136775, 32.59601698204925 ], [ -85.481732998672015, 32.596329954643217 ], [ -85.481697962316744, 32.596777944197626 ], [ -85.481712965923435, 32.597441944771596 ], [ -85.481756970915086, 32.598743945012586 ], [ -85.480984997633001, 32.598760963113691 ], [ -85.479966931673815, 32.598792951485898 ], [ -85.47925497281841, 32.598807992372166 ], [ -85.478735965374042, 32.598825999063706 ], [ -85.478435977059519, 32.598829953473903 ], [ -85.47802291687124, 32.598832989895911 ], [ -85.476307979482371, 32.598820985436227 ], [ -85.475447996216985, 32.598812935385894 ], [ -85.474390954408051, 32.598798953717804 ], [ -85.474189956369997, 32.598792951485898 ], [ -85.473853925871836, 32.598781935623904 ], [ -85.473632811266199, 32.598779605345243 ], [ -85.472545929881946, 32.598767953950968 ], [ -85.471729951608211, 32.598760963113691 ], [ -85.471055962774187, 32.598753972275873 ], [ -85.469542945432721, 32.598741967805609 ], [ -85.468001932534648, 32.598725938304561 ], [ -85.466216922435265, 32.5987119566229 ], [ -85.465244956943508, 32.598713933830531 ], [ -85.464790993067737, 32.598736954173425 ], [ -85.464457980054746, 32.598756938085927 ], [ -85.462911938014784, 32.598944984365779 ], [ -85.462495944160381, 32.598975984071352 ], [ -85.462288994971075, 32.598975984071352 ], [ -85.462058995548048, 32.598977961273171 ], [ -85.461830923962765, 32.598967934034953 ], [ -85.461489948141747, 32.598942936548866 ], [ -85.460828951257653, 32.598916950454239 ], [ -85.460672964039617, 32.598913984649485 ], [ -85.459750954690776, 32.598902968802378 ], [ -85.45855997006916, 32.598916950454239 ], [ -85.456215970847254, 32.598935945725231 ], [ -85.45592897448266, 32.598930932103919 ], [ -85.455750942859311, 32.598916950454239 ], [ -85.455559919286031, 32.598888987148335 ], [ -85.455360932904739, 32.598834967100885 ], [ -85.454976957920479, 32.598704965781238 ], [ -85.454738995689439, 32.598643954776406 ], [ -85.454575967672753, 32.598615991385323 ], [ -85.454326941329526, 32.598590993801047 ], [ -85.453524960834073, 32.598600950466803 ], [ -85.452378987032489, 32.59863293889611 ], [ -85.451962993178086, 32.598656947864249 ], [ -85.451669961843209, 32.598662950105293 ], [ -85.451655964064912, 32.598097960925337 ], [ -85.451628974336728, 32.598021979106541 ], [ -85.45157692271799, 32.597922976677182 ], [ -85.451511962968439, 32.597834990118216 ], [ -85.451322951051921, 32.597667984895033 ], [ -85.451290932181792, 32.597626957348609 ], [ -85.451273916918367, 32.59755196374703 ], [ -85.451276934403523, 32.597329948422953 ], [ -85.451256985473961, 32.597159976395588 ], [ -85.451096974942402, 32.59702898402324 ], [ -85.451035954687327, 32.596994947159828 ], [ -85.450924978289322, 32.596918964405653 ], [ -85.450898994389505, 32.596847995325199 ], [ -85.450839985791177, 32.596775966947277 ], [ -85.450688943896026, 32.596654930895518 ], [ -85.450667989138097, 32.59664899913615 ], [ -85.450631946954459, 32.596628944137294 ], [ -85.450605963054628, 32.59662294176001 ], [ -85.450533962506384, 32.596578947853004 ], [ -85.450501943636269, 32.596551972445084 ], [ -85.450376969459995, 32.596237941378959 ], [ -85.450360960024923, 32.596147975901083 ], [ -85.450363977510065, 32.595897992858802 ], [ -85.450346962246641, 32.595657966111929 ], [ -85.45030195142661, 32.595508964189207 ], [ -85.450290971133455, 32.595463981095598 ], [ -85.450772930565805, 32.595187938351664 ], [ -85.451243993524031, 32.594897983098086 ], [ -85.451703992370085, 32.594596939911959 ], [ -85.452154938760714, 32.594284949917672 ], [ -85.452592977020444, 32.593957987757534 ], [ -85.453020956996383, 32.593621985227806 ], [ -85.458065940696216, 32.589507935340222 ], [ -85.458690979215731, 32.588989993470022 ], [ -85.463117965194755, 32.585374980960083 ], [ -85.464388996991659, 32.584346956561127 ], [ -85.464662917587276, 32.584113961483766 ], [ -85.464800967532526, 32.583997993414144 ], [ -85.464984028297778, 32.583849325237018 ], [ -85.46667599927197, 32.582474998095776 ], [ -85.467333978670922, 32.58193999429524 ], [ -85.468204942229477, 32.581271994309148 ], [ -85.46911094214326, 32.580639939411967 ], [ -85.470002944278761, 32.58007794429448 ], [ -85.471485954406873, 32.579184974340762 ], [ -85.473632811266199, 32.577868069337008 ], [ -85.474576948839413, 32.577288964038971 ], [ -85.477189923334066, 32.575698965620077 ] ] ] } },
{ "type": "Feature", "properties": { "gid": "8" }, "geometry": { "type": "Polygon", "coordinates": [ [ [ -85.474189956369997, 32.598792951485898 ], [ -85.474390954408051, 32.598798953717804 ], [ -85.475447996216985, 32.598812935385894 ], [ -85.476307979482371, 32.598820985436227 ], [ -85.47802291687124, 32.598832989895911 ], [ -85.478435977059519, 32.598829953473903 ], [ -85.478735965374042, 32.598825999063706 ], [ -85.47925497281841, 32.598807992372166 ], [ -85.479966931673815, 32.598792951485898 ], [ -85.480984997633001, 32.598760963113691 ], [ -85.481756970915086, 32.598743945012586 ], [ -85.481745990621917, 32.599135996048453 ], [ -85.481782954814904, 32.601190987660949 ], [ -85.481778931501381, 32.601367942675459 ], [ -85.481778931501381, 32.603232939713671 ], [ -85.481761916237957, 32.604130965858673 ], [ -85.480834961566217, 32.604181946472146 ], [ -85.479926949995658, 32.60419896354027 ], [ -85.479353963094866, 32.604200940626818 ], [ -85.478599927085568, 32.604217957691326 ], [ -85.477850920218174, 32.604227984341932 ], [ -85.47656396280523, 32.60423094997077 ], [ -85.476291970047313, 32.604224948102782 ], [ -85.475220930460068, 32.604221982473739 ], [ -85.47486897434591, 32.604221982473739 ], [ -85.473632811266199, 32.604229820207408 ], [ -85.473135932046191, 32.604232997666813 ], [ -85.471799940499693, 32.604262936389851 ], [ -85.471170962485715, 32.604279953442592 ], [ -85.470906932535812, 32.604286943849203 ], [ -85.467756929504958, 32.604362990964738 ], [ -85.46780294615337, 32.604514943782178 ], [ -85.467860948923331, 32.604642959594216 ], [ -85.468248947221127, 32.605112937752331 ], [ -85.46834894332595, 32.605316999015336 ], [ -85.4680379747183, 32.605312974282135 ], [ -85.466888983431559, 32.605358940961288 ], [ -85.464862993615995, 32.605409991485146 ], [ -85.464862993615995, 32.605226972044861 ], [ -85.464526963117848, 32.605226972044861 ], [ -85.464037962886835, 32.605209955172029 ], [ -85.463322986546316, 32.605194985970016 ], [ -85.460835992056303, 32.605155938936036 ], [ -85.458837997797346, 32.605116962494542 ], [ -85.458386967587685, 32.605113996895028 ], [ -85.457796965423441, 32.605093943791047 ], [ -85.457424976560716, 32.605091966724224 ], [ -85.457106967154388, 32.605093943791047 ], [ -85.456518976646905, 32.605076997502493 ], [ -85.456089990842599, 32.605079963103215 ], [ -85.455755972001214, 32.605071984224857 ], [ -85.455775920930762, 32.604553991095592 ], [ -85.455444919574532, 32.604519957091014 ], [ -85.455042923498425, 32.604505976313582 ], [ -85.454878973472404, 32.604486982223605 ], [ -85.454714939627323, 32.604445957799896 ], [ -85.454559958237695, 32.604382973622286 ], [ -85.45441998045473, 32.604300995270954 ], [ -85.454294922459397, 32.604207931039589 ], [ -85.454136923584628, 32.604041996851528 ], [ -85.454052936914849, 32.603920970615825 ], [ -85.453983953851733, 32.603788999580829 ], [ -85.453915976617026, 32.603567988262832 ], [ -85.45389099854556, 32.603156962249813 ], [ -85.453224972519564, 32.60314997175503 ], [ -85.453149954486193, 32.603151948864728 ], [ -85.453122964757981, 32.602786959553164 ], [ -85.452973934519605, 32.602428959306081 ], [ -85.452911992255153, 32.60211897371552 ], [ -85.452896988648476, 32.601771986294665 ], [ -85.452835968393401, 32.601340968709387 ], [ -85.452930935356321, 32.601021940923999 ], [ -85.453085916745977, 32.600711950464778 ], [ -85.45317199889152, 32.600513951441563 ], [ -85.453215920064153, 32.600237994868969 ], [ -85.453128999728264, 32.599875959458195 ], [ -85.452999918419422, 32.599547958490923 ], [ -85.452680987003731, 32.599246930927521 ], [ -85.452279996756033, 32.599140939044077 ], [ -85.452242948744015, 32.599130982438332 ], [ -85.452209924045519, 32.599113964407508 ], [ -85.452066928777413, 32.599074985337161 ], [ -85.452049997333006, 32.599064958109793 ], [ -85.451949917409124, 32.599018988200967 ], [ -85.451819997909979, 32.598922952677846 ], [ -85.451676918822855, 32.598795987909149 ], [ -85.45167297932835, 32.598776992608471 ], [ -85.451669961843209, 32.598662950105293 ], [ -85.451962993178086, 32.598656947864249 ], [ -85.452378987032489, 32.59863293889611 ], [ -85.453524960834073, 32.598600950466803 ], [ -85.454326941329526, 32.598590993801047 ], [ -85.454575967672753, 32.598615991385323 ], [ -85.454738995689439, 32.598643954776406 ], [ -85.454976957920479, 32.598704965781238 ], [ -85.455360932904739, 32.598834967100885 ], [ -85.455559919286031, 32.598888987148335 ], [ -85.455750942859311, 32.598916950454239 ], [ -85.45592897448266, 32.598930932103919 ], [ -85.456215970847254, 32.598935945725231 ], [ -85.45855997006916, 32.598916950454239 ], [ -85.459750954690776, 32.598902968802378 ], [ -85.460672964039617, 32.598913984649485 ], [ -85.460828951257653, 32.598916950454239 ], [ -85.461489948141747, 32.598942936548866 ], [ -85.461830923962765, 32.598967934034953 ], [ -85.462058995548048, 32.598977961273171 ], [ -85.462288994971075, 32.598975984071352 ], [ -85.462495944160381, 32.598975984071352 ], [ -85.462911938014784, 32.598944984365779 ], [ -85.464457980054746, 32.598756938085927 ], [ -85.464790993067737, 32.598736954173425 ], [ -85.465244956943508, 32.598713933830531 ], [ -85.466216922435265, 32.5987119566229 ], [ -85.468001932534648, 32.598725938304561 ], [ -85.469542945432721, 32.598741967805609 ], [ -85.471055962774187, 32.598753972275873 ], [ -85.471729951608211, 32.598760963113691 ], [ -85.472545929881946, 32.598767953950968 ], [ -85.473632811266199, 32.598779605345243 ], [ -85.473853925871836, 32.598781935623904 ], [ -85.474189956369997, 32.598792951485898 ] ] ] } },
{ "type": "Feature", "properties": { "gid": "9" }, "geometry": { "type": "Polygon", "coordinates": [ [ [ -85.498985972883943, 32.610099948888191 ], [ -85.494629981624797, 32.610024965728151 ], [ -85.490359988692163, 32.609959937908577 ], [ -85.4891879471717, 32.60994193345509 ], [ -85.488346990826514, 32.609928942004039 ], [ -85.487222977611225, 32.609912985110483 ], [ -85.48607599798126, 32.609895969127962 ], [ -85.484409927087867, 32.609872951652669 ], [ -85.483421952161052, 32.60984795720961 ], [ -85.482487956690662, 32.609881989189688 ], [ -85.481793935108058, 32.609937979535395 ], [ -85.481793935108058, 32.609692977385777 ], [ -85.481757976743452, 32.609284944940605 ], [ -85.481752947601564, 32.609084987887989 ], [ -85.481748924288027, 32.608355974019453 ], [ -85.481734926509745, 32.607359986739873 ], [ -85.48173392068135, 32.606945941980108 ], [ -85.481765939551465, 32.606549971053724 ], [ -85.482617960008866, 32.606562962994914 ], [ -85.483044934156396, 32.60655794980044 ], [ -85.483958980697253, 32.606549971053724 ], [ -85.48494796145242, 32.606540933180469 ], [ -85.485242920625041, 32.606536979110643 ], [ -85.486139951902445, 32.606518973969024 ], [ -85.487017956259649, 32.606500968823774 ], [ -85.48747192013542, 32.606481975156832 ], [ -85.488739934447182, 32.606473996403352 ], [ -85.489554990711582, 32.606464958522437 ], [ -85.49005396540737, 32.606433961408321 ], [ -85.490445987018703, 32.606402964283461 ], [ -85.491503950837, 32.606380934429673 ], [ -85.492881935718373, 32.60636497690399 ], [ -85.493276974814847, 32.606360952217862 ], [ -85.493531952309311, 32.606349937286474 ], [ -85.493692968669237, 32.606326989508403 ], [ -85.49389296087891, 32.606273962466418 ], [ -85.494113991665543, 32.606210979574186 ], [ -85.494404927524627, 32.606084943048081 ], [ -85.494460918637799, 32.606176946199177 ], [ -85.494509952771352, 32.606228984777722 ], [ -85.494566949712933, 32.606272973946034 ], [ -85.49463199328153, 32.606304959635914 ], [ -85.494703993829788, 32.606326989508403 ], [ -85.495031977700876, 32.606337933834048 ], [ -85.495278992387341, 32.606346971727788 ], [ -85.496643985318798, 32.606325930380031 ], [ -85.497716952743787, 32.606309972844549 ], [ -85.497782918321732, 32.606308984324563 ], [ -85.498994941520323, 32.60626393604484 ], [ -85.499970930325603, 32.606197987581929 ], [ -85.500933927180981, 32.60614093576757 ], [ -85.501613950985288, 32.606098994187789 ], [ -85.501827940973229, 32.606087979224192 ], [ -85.502758918958477, 32.606031986471606 ], [ -85.503210954996518, 32.606004943301144 ], [ -85.503237944724731, 32.607504944318187 ], [ -85.503257977473311, 32.608146977181576 ], [ -85.503255965816535, 32.608417966906622 ], [ -85.503270969423227, 32.609281979479107 ], [ -85.503273986908354, 32.609373979346167 ], [ -85.502530931192211, 32.60964997838029 ], [ -85.501885943743176, 32.609858971710793 ], [ -85.501321925478777, 32.609996935284038 ], [ -85.500898974644741, 32.610068953032098 ], [ -85.50039396497867, 32.610108986402309 ], [ -85.499658955889558, 32.610117953309931 ], [ -85.498985972883943, 32.610099948888191 ] ] ] } },
{ "type": "Feature", "properties": { "gid": "10" }, "geometry": { "type": "Polygon", "coordinates": [ [ [ -85.479727963614366, 32.622507949672126 ], [ -85.479765933635747, 32.622697993359878 ], [ -85.479876993852756, 32.623051959242069 ], [ -85.479075935366694, 32.623062972119023 ], [ -85.478692966210772, 32.623079985599347 ], [ -85.478410998988096, 32.62309495181173 ], [ -85.478161972644855, 32.623122978155543 ], [ -85.477670960757081, 32.623198938680559 ], [ -85.47708699356312, 32.623340976217925 ], [ -85.476901921141121, 32.623400982068091 ], [ -85.476678962516729, 32.623474965696197 ], [ -85.476226926478716, 32.6236549828565 ], [ -85.475775980088088, 32.623868955723978 ], [ -85.475432992610294, 32.624068950356708 ], [ -85.475032924371931, 32.62434398636853 ], [ -85.474835949647414, 32.624495975875952 ], [ -85.474625982972967, 32.624683968114482 ], [ -85.474057941395046, 32.625190973377457 ], [ -85.47384093392192, 32.625384964606461 ], [ -85.473619986954319, 32.625601968852749 ], [ -85.473417983087899, 32.62577696961673 ], [ -85.472227920475618, 32.626870946064408 ], [ -85.471027967217609, 32.62799095739777 ], [ -85.47075195114617, 32.628240992049093 ], [ -85.46977596234089, 32.629212958059625 ], [ -85.469453929621054, 32.629589981179372 ], [ -85.469244968774973, 32.62980994001154 ], [ -85.468913967418743, 32.629633958871025 ], [ -85.468688997137605, 32.629523979306249 ], [ -85.468228998291565, 32.629315949554467 ], [ -85.467761958646861, 32.629145967640554 ], [ -85.467285950365763, 32.629015939729321 ], [ -85.46676199759851, 32.628890994164315 ], [ -85.466388919088359, 32.628838968756149 ], [ -85.466280960175496, 32.628828944861276 ], [ -85.465954987961155, 32.628799932032457 ], [ -85.465200951951871, 32.628786943317728 ], [ -85.464575997251401, 32.628790966995865 ], [ -85.463205975178028, 32.628801979166667 ], [ -85.462954937178054, 32.628804943981656 ], [ -85.461804940062933, 32.628795978945568 ], [ -85.46104495290237, 32.628793931811202 ], [ -85.460409939918122, 32.628807979387382 ], [ -85.459378965828037, 32.628831980266177 ], [ -85.458958948660111, 32.628841933569902 ], [ -85.456379920873303, 32.628862969626631 ], [ -85.454673952120814, 32.628868969843239 ], [ -85.454252929124522, 32.628862969626631 ], [ -85.453833917784976, 32.628846945516756 ], [ -85.453411972779335, 32.628809955930585 ], [ -85.453000924247803, 32.628738941529541 ], [ -85.452365995082545, 32.628582935540116 ], [ -85.4520959301624, 32.628457989370553 ], [ -85.451941954601111, 32.628401940015223 ], [ -85.451582957688288, 32.628223979549801 ], [ -85.451236952725395, 32.628019970488843 ], [ -85.450912992167801, 32.627788994963026 ], [ -85.450445952523083, 32.627382950967643 ], [ -85.450296922284707, 32.627238943266669 ], [ -85.450068934518441, 32.626947962293123 ], [ -85.449683953705787, 32.626327948004523 ], [ -85.448929917696461, 32.625053950935026 ], [ -85.448826987925528, 32.624839980900362 ], [ -85.448772924650072, 32.624633987490277 ], [ -85.448622972402347, 32.62421197483588 ], [ -85.448462961870788, 32.623885969051109 ], [ -85.448312925804018, 32.623409947644603 ], [ -85.448255928862451, 32.623242990107904 ], [ -85.448008997995032, 32.622517974274949 ], [ -85.447904978576659, 32.622199939673472 ], [ -85.448671922716869, 32.621911977957453 ], [ -85.449450936797618, 32.62165098317238 ], [ -85.450484928372859, 32.621259948447026 ], [ -85.451451697084607, 32.620870182761159 ], [ -85.451992916572408, 32.620651966889731 ], [ -85.454105994361925, 32.619860991669874 ], [ -85.456690973299985, 32.61890099646952 ], [ -85.457769975695243, 32.618508961346578 ], [ -85.461032966780834, 32.617276930555455 ], [ -85.461556919548087, 32.617080944952797 ], [ -85.464485975611353, 32.615974987896749 ], [ -85.465433968860026, 32.615633984657393 ], [ -85.466144921887022, 32.615371983149601 ], [ -85.466891917097655, 32.615096990173875 ], [ -85.467938984441844, 32.614686934894571 ], [ -85.469862966495796, 32.613955989757663 ], [ -85.470626976969882, 32.6136709668408 ], [ -85.472174946847574, 32.613090963231286 ], [ -85.47359299722612, 32.612560943257613 ], [ -85.473632811266199, 32.612545975284227 ], [ -85.475383958476741, 32.611888935269349 ], [ -85.478877954813768, 32.610586984872164 ], [ -85.47988797414591, 32.610249985625394 ], [ -85.480448974925196, 32.61013998224454 ], [ -85.481094968202598, 32.610024965728151 ], [ -85.481793935108058, 32.609937979535395 ], [ -85.482487956690662, 32.609881989189688 ], [ -85.483421952161052, 32.60984795720961 ], [ -85.484409927087867, 32.609872951652669 ], [ -85.48607599798126, 32.609895969127962 ], [ -85.487222977611225, 32.609912985110483 ], [ -85.488346990826514, 32.609928942004039 ], [ -85.4891879471717, 32.60994193345509 ], [ -85.490359988692163, 32.609959937908577 ], [ -85.490353953721893, 32.610148949149064 ], [ -85.490321934851778, 32.610849988850575 ], [ -85.490347918751596, 32.612151935424109 ], [ -85.490350936236737, 32.612250992731809 ], [ -85.490376920136555, 32.613004968462761 ], [ -85.490400976198671, 32.613451956789675 ], [ -85.490416985633729, 32.61388595200831 ], [ -85.490413968148587, 32.614037959271734 ], [ -85.48974593046583, 32.614038947706426 ], [ -85.488961971062196, 32.614071989659507 ], [ -85.488385966676262, 32.614091970150852 ], [ -85.486397946882079, 32.614099948225672 ], [ -85.486143975215967, 32.614091970150852 ], [ -85.485686993855055, 32.614116963409387 ], [ -85.485144936176965, 32.614107996902192 ], [ -85.484957935917237, 32.61410496099797 ], [ -85.48417992766484, 32.614118940276988 ], [ -85.483815985429146, 32.614116963409387 ], [ -85.483533934387424, 32.614128965819198 ], [ -85.481775997835271, 32.61413997979384 ], [ -85.480950967106111, 32.614153959067401 ], [ -85.480327940243384, 32.614155935934193 ], [ -85.479918987187659, 32.61415699496996 ], [ -85.47966493170253, 32.614153959067401 ], [ -85.479582956689512, 32.614159960270015 ], [ -85.479591925325892, 32.614347974214468 ], [ -85.479627967509543, 32.615149941390179 ], [ -85.479661998036434, 32.615684958723136 ], [ -85.479666943359291, 32.615977953136621 ], [ -85.47970499719969, 32.616601992741053 ], [ -85.479720922815716, 32.617240995187082 ], [ -85.479719916987335, 32.617426955267582 ], [ -85.479717989149606, 32.618034958727044 ], [ -85.479712960007703, 32.618118971885501 ], [ -85.47970893669418, 32.619272979946672 ], [ -85.479711954179322, 32.61989996169445 ], [ -85.479717653873465, 32.620870182761159 ], [ -85.479721928644096, 32.621588999446459 ], [ -85.479727963614366, 32.622507949672126 ] ] ] } },
{ "type": "Feature", "properties": { "gid": "11" }, "geometry": { "type": "Polygon", "coordinates": [ [ [ -85.430328965816543, 32.604368992823481 ], [ -85.431691947091238, 32.603769934728255 ], [ -85.432603981975319, 32.603370984104366 ], [ -85.433433958027379, 32.602983964996 ], [ -85.447731976095227, 32.596678940393687 ], [ -85.449290926266059, 32.595981956167464 ], [ -85.449797947588905, 32.595730984025309 ], [ -85.450290971133455, 32.595463981095598 ], [ -85.45030195142661, 32.595508964189207 ], [ -85.450346962246641, 32.595657966111929 ], [ -85.450363977510065, 32.595897992858802 ], [ -85.450360960024923, 32.596147975901083 ], [ -85.450376969459995, 32.596237941378959 ], [ -85.450501943636269, 32.596551972445084 ], [ -85.450533962506384, 32.596578947853004 ], [ -85.450605963054628, 32.59662294176001 ], [ -85.450631946954459, 32.596628944137294 ], [ -85.450667989138097, 32.59664899913615 ], [ -85.450688943896026, 32.596654930895518 ], [ -85.450839985791177, 32.596775966947277 ], [ -85.450898994389505, 32.596847995325199 ], [ -85.450924978289322, 32.596918964405653 ], [ -85.451035954687327, 32.596994947159828 ], [ -85.451096974942402, 32.59702898402324 ], [ -85.451256985473961, 32.597159976395588 ], [ -85.451276934403523, 32.597329948422953 ], [ -85.451273916918367, 32.59755196374703 ], [ -85.451290932181792, 32.597626957348609 ], [ -85.451322951051921, 32.597667984895033 ], [ -85.451511962968439, 32.597834990118216 ], [ -85.45157692271799, 32.597922976677182 ], [ -85.451628974336728, 32.598021979106541 ], [ -85.451655964064912, 32.598097960925337 ], [ -85.451669961843209, 32.598662950105293 ], [ -85.45167297932835, 32.598776992608471 ], [ -85.451676918822855, 32.598795987909149 ], [ -85.451819997909979, 32.598922952677846 ], [ -85.451949917409124, 32.599018988200967 ], [ -85.452049997333006, 32.599064958109793 ], [ -85.452066928777413, 32.599074985337161 ], [ -85.452209924045519, 32.599113964407508 ], [ -85.452242948744015, 32.599130982438332 ], [ -85.452279996756033, 32.599140939044077 ], [ -85.452680987003731, 32.599246930927521 ], [ -85.452999918419422, 32.599547958490923 ], [ -85.453128999728264, 32.599875959458195 ], [ -85.453215920064153, 32.600237994868969 ], [ -85.45317199889152, 32.600513951441563 ], [ -85.453085916745977, 32.600711950464778 ], [ -85.452930935356321, 32.601021940923999 ], [ -85.452835968393401, 32.601340968709387 ], [ -85.452896988648476, 32.601771986294665 ], [ -85.452911992255153, 32.60211897371552 ], [ -85.452973934519605, 32.602428959306081 ], [ -85.453122964757981, 32.602786959553164 ], [ -85.453149954486193, 32.603151948864728 ], [ -85.453224972519564, 32.60314997175503 ], [ -85.45389099854556, 32.603156962249813 ], [ -85.453915976617026, 32.603567988262832 ], [ -85.453983953851733, 32.603788999580829 ], [ -85.454052936914849, 32.603920970615825 ], [ -85.454136923584628, 32.604041996851528 ], [ -85.454294922459397, 32.604207931039589 ], [ -85.45441998045473, 32.604300995270954 ], [ -85.454559958237695, 32.604382973622286 ], [ -85.454714939627323, 32.604445957799896 ], [ -85.454878973472404, 32.604486982223605 ], [ -85.455042923498425, 32.604505976313582 ], [ -85.455444919574532, 32.604519957091014 ], [ -85.455775920930762, 32.604553991095592 ], [ -85.455755972001214, 32.605071984224857 ], [ -85.456089990842599, 32.605079963103215 ], [ -85.456518976646905, 32.605076997502493 ], [ -85.457106967154388, 32.605093943791047 ], [ -85.457424976560716, 32.605091966724224 ], [ -85.457796965423441, 32.605093943791047 ], [ -85.458386967587685, 32.605113996895028 ], [ -85.458837997797346, 32.605116962494542 ], [ -85.460835992056303, 32.605155938936036 ], [ -85.463322986546316, 32.605194985970016 ], [ -85.464037962886835, 32.605209955172029 ], [ -85.464526963117848, 32.605226972044861 ], [ -85.464862993615995, 32.605226972044861 ], [ -85.464862993615995, 32.605409991485146 ], [ -85.466888983431559, 32.605358940961288 ], [ -85.4680379747183, 32.605312974282135 ], [ -85.46834894332595, 32.605316999015336 ], [ -85.468248947221127, 32.605112937752331 ], [ -85.467860948923331, 32.604642959594216 ], [ -85.46780294615337, 32.604514943782178 ], [ -85.467756929504958, 32.604362990964738 ], [ -85.470906932535812, 32.604286943849203 ], [ -85.471170962485715, 32.604279953442592 ], [ -85.471799940499693, 32.604262936389851 ], [ -85.473135932046191, 32.604232997666813 ], [ -85.473632811266199, 32.604229820207408 ], [ -85.47486897434591, 32.604221982473739 ], [ -85.475220930460068, 32.604221982473739 ], [ -85.476291970047313, 32.604224948102782 ], [ -85.47656396280523, 32.60423094997077 ], [ -85.477850920218174, 32.604227984341932 ], [ -85.478599927085568, 32.604217957691326 ], [ -85.479353963094866, 32.604200940626818 ], [ -85.479926949995658, 32.60419896354027 ], [ -85.480834961566217, 32.604181946472146 ], [ -85.481761916237957, 32.604130965858673 ], [ -85.481716989236958, 32.604278964900196 ], [ -85.481721934559843, 32.606422946485907 ], [ -85.481765939551465, 32.606549971053724 ], [ -85.48173392068135, 32.606945941980108 ], [ -85.481734926509745, 32.607359986739873 ], [ -85.481748924288027, 32.608355974019453 ], [ -85.481752947601564, 32.609084987887989 ], [ -85.481757976743452, 32.609284944940605 ], [ -85.481793935108058, 32.609692977385777 ], [ -85.481793935108058, 32.609937979535395 ], [ -85.481094968202598, 32.610024965728151 ], [ -85.480448974925196, 32.61013998224454 ], [ -85.47988797414591, 32.610249985625394 ], [ -85.478877954813768, 32.610586984872164 ], [ -85.475383958476741, 32.611888935269349 ], [ -85.473632811266199, 32.612545975284227 ], [ -85.47359299722612, 32.612560943257613 ], [ -85.472174946847574, 32.613090963231286 ], [ -85.470626976969882, 32.6136709668408 ], [ -85.469862966495796, 32.613955989757663 ], [ -85.467938984441844, 32.614686934894571 ], [ -85.466891917097655, 32.615096990173875 ], [ -85.466144921887022, 32.615371983149601 ], [ -85.465433968860026, 32.615633984657393 ], [ -85.464485975611353, 32.615974987896749 ], [ -85.461556919548087, 32.617080944952797 ], [ -85.461032966780834, 32.617276930555455 ], [ -85.457769975695243, 32.618508961346578 ], [ -85.456690973299985, 32.61890099646952 ], [ -85.454105994361925, 32.619860991669874 ], [ -85.451992916572408, 32.620651966889731 ], [ -85.451451697084607, 32.620870182761159 ], [ -85.450484928372859, 32.621259948447026 ], [ -85.449450936797618, 32.62165098317238 ], [ -85.448671922716869, 32.621911977957453 ], [ -85.447904978576659, 32.622199939673472 ], [ -85.447824931401399, 32.621957936116445 ], [ -85.447775981086863, 32.621704989458934 ], [ -85.447722923639787, 32.621473997636286 ], [ -85.447679924476503, 32.621289952074655 ], [ -85.447630555066837, 32.620870182761159 ], [ -85.44762192170657, 32.620796973548806 ], [ -85.447609935585049, 32.620366965288639 ], [ -85.447620999697222, 32.619416929865899 ], [ -85.447615970555319, 32.619235986403815 ], [ -85.447406925890235, 32.619159951917524 ], [ -85.447320927563695, 32.619131994931401 ], [ -85.44652498203854, 32.618825950080563 ], [ -85.446071940172118, 32.618616977678215 ], [ -85.445815956849259, 32.618652983093121 ], [ -85.445569947991174, 32.618664984894878 ], [ -85.445321927476343, 32.618663996511266 ], [ -85.445071979123767, 32.618647970575459 ], [ -85.443817962590288, 32.618522939938018 ], [ -85.442352973553994, 32.61837694120873 ], [ -85.441855926695922, 32.618334934760398 ], [ -85.441434987518647, 32.618315943603335 ], [ -85.441090994212516, 32.618329992824002 ], [ -85.441012958693975, 32.618335993746726 ], [ -85.44073694262255, 32.618343971443373 ], [ -85.440344921011217, 32.61841195833378 ], [ -85.439536989364527, 32.618587961539191 ], [ -85.439059975255049, 32.618703955440083 ], [ -85.43903893667806, 32.618708967954618 ], [ -85.438867945853374, 32.618720969748864 ], [ -85.438695949200294, 32.618701978673698 ], [ -85.438527975860751, 32.61864994734303 ], [ -85.438454969484127, 32.618608929407017 ], [ -85.438387998077772, 32.618557957005976 ], [ -85.438330917317188, 32.618498936294827 ], [ -85.438283978659413, 32.618436950386432 ], [ -85.438239973667791, 32.618295964054582 ], [ -85.438229999203003, 32.618151941733693 ], [ -85.438243996981285, 32.617645955596046 ], [ -85.43826897505275, 32.617388972564228 ], [ -85.438282972831047, 32.616714953399217 ], [ -85.438279955345905, 32.616160950606755 ], [ -85.438298982266105, 32.615860967289393 ], [ -85.438348938408993, 32.615571996765468 ], [ -85.438431919250391, 32.615286978992614 ], [ -85.438538956153906, 32.615019963748644 ], [ -85.438675916451714, 32.614762973179616 ], [ -85.438795945305131, 32.614575948535311 ], [ -85.43895293835152, 32.614377980158558 ], [ -85.4390289622133, 32.614282949534058 ], [ -85.43940396856118, 32.613898942885307 ], [ -85.440591935697668, 32.61279294652546 ], [ -85.442880949634755, 32.61071393292918 ], [ -85.44314598541304, 32.610434971750664 ], [ -85.443244975689495, 32.610317978661648 ], [ -85.443376990664447, 32.610136946205806 ], [ -85.443515962619031, 32.6098789531422 ], [ -85.44358695733888, 32.609670948341204 ], [ -85.443649989250758, 32.609304997106278 ], [ -85.443668932351898, 32.609103981002917 ], [ -85.44368393595856, 32.608845984963594 ], [ -85.443250926840733, 32.608842948880991 ], [ -85.443087982643107, 32.608831934254837 ], [ -85.44284599709853, 32.608794936398134 ], [ -85.442606945220078, 32.608734991365004 ], [ -85.442368982989052, 32.608658947961366 ], [ -85.44221592943714, 32.60859596674625 ], [ -85.441929938900941, 32.608445997844939 ], [ -85.441732964176396, 32.608315939865626 ], [ -85.441606984171742, 32.608220973415072 ], [ -85.441489972803467, 32.608119934649679 ], [ -85.441278916481608, 32.607894980007913 ], [ -85.441185961175435, 32.607775935985806 ], [ -85.441062998655909, 32.607584942725374 ], [ -85.439377984661363, 32.604401967734326 ], [ -85.439153936389587, 32.604020954962323 ], [ -85.438882949460066, 32.603664936745176 ], [ -85.438722938928507, 32.603501967204231 ], [ -85.438546918961919, 32.603350930610183 ], [ -85.438161938149236, 32.603084938943915 ], [ -85.437950965646422, 32.602969983978852 ], [ -85.437499935436762, 32.60278597099429 ], [ -85.437260967377355, 32.602714935949763 ], [ -85.436768949661186, 32.602623988414933 ], [ -85.436349938321655, 32.602600969070814 ], [ -85.436098984140699, 32.602609936730111 ], [ -85.435934950295632, 32.602624976975591 ], [ -85.435851969454248, 32.602631967511364 ], [ -85.435526919249256, 32.602686973829321 ], [ -85.43520999949034, 32.602771989946241 ], [ -85.434980922076676, 32.602854958254966 ], [ -85.434615974012573, 32.60302096525308 ], [ -85.434344987083037, 32.603183935669087 ], [ -85.434092943254683, 32.603371972656781 ], [ -85.433974926058028, 32.603472946167358 ], [ -85.433757918584917, 32.60368696726696 ], [ -85.433659934136841, 32.603799944216604 ], [ -85.433485925827014, 32.604038960606069 ], [ -85.433342930558922, 32.604300995270954 ], [ -85.433233965817664, 32.604567971865514 ], [ -85.433171939734223, 32.604772952297203 ], [ -85.433110919479134, 32.605043952230588 ], [ -85.432625942561614, 32.607210933671169 ], [ -85.4325489966905, 32.607486939371142 ], [ -85.432498956728566, 32.607624977205937 ], [ -85.432376916218402, 32.607857981764134 ], [ -85.432362918440091, 32.607884953767794 ], [ -85.432277925941946, 32.608006963148796 ], [ -85.432080951217401, 32.608240955211912 ], [ -85.431967963162663, 32.608347995432894 ], [ -85.431783980388047, 32.60850198908841 ], [ -85.431649953756335, 32.60859596674625 ], [ -85.431430934626476, 32.608724965218919 ], [ -85.431357928249852, 32.608760974611613 ], [ -85.431272935751707, 32.608800937959899 ], [ -85.430928942445547, 32.608921957601915 ], [ -85.430820983532683, 32.608690932799178 ], [ -85.430735991034524, 32.6085079906698 ], [ -85.430660973001153, 32.608382945873132 ], [ -85.43052694636944, 32.608209958712422 ], [ -85.430385962758095, 32.608060977665431 ], [ -85.430126961950094, 32.607821972008381 ], [ -85.430070970836908, 32.607769934355368 ], [ -85.429983966681988, 32.607665929566139 ], [ -85.429817921180174, 32.607443939306506 ], [ -85.42968749876681, 32.607177112499798 ], [ -85.429641985032603, 32.607083980648682 ], [ -85.42942799504462, 32.606698954614103 ], [ -85.42918399784331, 32.606309972844549 ], [ -85.429037985090076, 32.6060749872141 ], [ -85.42875593404834, 32.60561899470963 ], [ -85.428475978482425, 32.605167942546849 ], [ -85.42968749876681, 32.60463356847908 ], [ -85.429944990832226, 32.604519957091014 ], [ -85.430328965816543, 32.604368992823481 ] ] ] } },
{ "type": "Feature", "properties": { "gid": "12" }, "geometry": { "type": "Polygon", "coordinates": [ [ [ -85.492594939353808, 32.621303930231846 ], [ -85.492963994550422, 32.621780951187262 ], [ -85.493490964802831, 32.622463968478876 ], [ -85.493699925648869, 32.622742962776734 ], [ -85.494118936988414, 32.623338999553951 ], [ -85.494222956406759, 32.623525935297536 ], [ -85.494358994695233, 32.623803937958556 ], [ -85.494460918637799, 32.624217975364317 ], [ -85.494499978306592, 32.624481998217206 ], [ -85.494546916964339, 32.624743973064298 ], [ -85.494751938315929, 32.625672985742959 ], [ -85.494862998532938, 32.626125981816955 ], [ -85.495049998792695, 32.626657968668887 ], [ -85.495145971583995, 32.626890994291642 ], [ -85.495328948530243, 32.62728299270568 ], [ -85.495537993195342, 32.627666941945954 ], [ -85.4958899493095, 32.628224967827848 ], [ -85.496871973085064, 32.629701937186546 ], [ -85.497397937509078, 32.630447930510691 ], [ -85.497606982174162, 32.630830948512468 ], [ -85.497854918869976, 32.631236976863541 ], [ -85.498347942414526, 32.631972933848239 ], [ -85.498492949339379, 32.632142980980483 ], [ -85.498717919620503, 32.632350933572198 ], [ -85.499089992302288, 32.632634979372774 ], [ -85.499305993947033, 32.632782931301421 ], [ -85.500144938635444, 32.633433959233429 ], [ -85.500826974096526, 32.633992937367914 ], [ -85.501043981569609, 32.634171945159672 ], [ -85.50127096350748, 32.634379963622365 ], [ -85.501477996515831, 32.63460393409698 ], [ -85.501664996775588, 32.634841950639881 ], [ -85.501746971788592, 32.634966958481598 ], [ -85.501778990658707, 32.635034932745725 ], [ -85.501839927094764, 32.635235961212182 ], [ -85.501866916822976, 32.635386944022514 ], [ -85.501889967056698, 32.635719966449983 ], [ -85.501939923199615, 32.636462945041011 ], [ -85.501960961776561, 32.637170978273886 ], [ -85.501970936241335, 32.637267960956088 ], [ -85.501988957333168, 32.637449997307861 ], [ -85.502025921526126, 32.637660972670531 ], [ -85.502104962873048, 32.637931943642641 ], [ -85.502624976145796, 32.639320948145567 ], [ -85.502694965037293, 32.639486958115413 ], [ -85.503036946686677, 32.640129961511086 ], [ -85.503216989966802, 32.640451955547178 ], [ -85.503351938607864, 32.640710989802905 ], [ -85.503463920834221, 32.64089795983908 ], [ -85.503764998796143, 32.641317988117706 ], [ -85.504521968471551, 32.642327995951753 ], [ -85.504229942965068, 32.642473955609624 ], [ -85.503670953842573, 32.642631984196974 ], [ -85.503521923604183, 32.642622949966359 ], [ -85.503143983590178, 32.642599940906152 ], [ -85.502903925883331, 32.642659933842133 ], [ -85.502831925335101, 32.642659933842133 ], [ -85.502591951447315, 32.642621961847333 ], [ -85.50227997701127, 32.642515950728189 ], [ -85.502071938174552, 32.642478966792872 ], [ -85.501623925450048, 32.642493929760903 ], [ -85.501546979578947, 32.642504940245225 ], [ -85.501227964344224, 32.6425439709896 ], [ -85.500817921641072, 32.642680966650161 ], [ -85.50066193442305, 32.642701999453237 ], [ -85.500023987772664, 32.642880989818941 ], [ -85.499951987224435, 32.642889953443763 ], [ -85.49987696919105, 32.642886989095501 ], [ -85.499654932576036, 32.642853957779565 ], [ -85.49924497369193, 32.64271597426599 ], [ -85.498932999255899, 32.642639959727916 ], [ -85.498835936817159, 32.642639959727916 ], [ -85.498711968469266, 32.642777943358773 ], [ -85.498607949050907, 32.643013961924972 ], [ -85.498510970431212, 32.64310698581793 ], [ -85.498322964343075, 32.643151944978847 ], [ -85.497600947203878, 32.643123995487443 ], [ -85.49744495998587, 32.643157944237231 ], [ -85.497295929747466, 32.64325696723219 ], [ -85.497113958629654, 32.643481974171664 ], [ -85.497061990829948, 32.643509994130454 ], [ -85.496730989473718, 32.643509994130454 ], [ -85.496574918436679, 32.643579938120247 ], [ -85.496184992301139, 32.643965934795588 ], [ -85.495872934046062, 32.644004964902415 ], [ -85.49569791990784, 32.644080978280407 ], [ -85.495613933238062, 32.644158967797914 ], [ -85.495418970170306, 32.644455962550602 ], [ -85.495392986270474, 32.644477983034818 ], [ -85.495294918003367, 32.644482994105807 ], [ -85.495112946885499, 32.644455962550602 ], [ -85.494833997147964, 32.64431896960874 ], [ -85.494651942211092, 32.644324968788858 ], [ -85.49434692475468, 32.644335979047781 ], [ -85.494248940306605, 32.644313958528585 ], [ -85.494027993339003, 32.644164966988754 ], [ -85.493683916213826, 32.644153956708799 ], [ -85.493533963966073, 32.644120996439526 ], [ -85.493384933727683, 32.643989931608324 ], [ -85.493214948731378, 32.643762949733876 ], [ -85.493123921262935, 32.643697946423067 ], [ -85.493059967341736, 32.64368199554913 ], [ -85.492805995675639, 32.643708956759163 ], [ -85.492298974352806, 32.643973980786456 ], [ -85.492012983816593, 32.644044983095547 ], [ -85.491655998560532, 32.644021974401156 ], [ -85.491135985287769, 32.6439349506661 ], [ -85.490934987249716, 32.643945960973028 ], [ -85.49081797588147, 32.644023950608279 ], [ -85.49077195923303, 32.644100952072819 ], [ -85.490745975333198, 32.644204985110285 ], [ -85.490752932312816, 32.644386936766885 ], [ -85.490544977295158, 32.644573969697568 ], [ -85.490486974525211, 32.644727971613307 ], [ -85.4904219309566, 32.644815982671552 ], [ -85.490025969850805, 32.645116998186431 ], [ -85.48942196990825, 32.645524937876957 ], [ -85.488927940535319, 32.645799978517744 ], [ -85.48885593998709, 32.645864980300807 ], [ -85.488829956087244, 32.645853970230135 ], [ -85.48836291644254, 32.646278986205601 ], [ -85.488206929224532, 32.646316956647802 ], [ -85.487907946738389, 32.646333965706823 ], [ -85.487751959520367, 32.646306934711092 ], [ -85.487699991720717, 32.646256966164827 ], [ -85.487686999770801, 32.646201986616248 ], [ -85.487725975620549, 32.645980938847515 ], [ -85.487699991720717, 32.645932946284034 ], [ -85.487595972302373, 32.64585996930726 ], [ -85.487465968984168, 32.645822986754723 ], [ -85.48714091877919, 32.645855946396757 ], [ -85.486627946305092, 32.646031966206635 ], [ -85.486204995471056, 32.646261977136135 ], [ -85.485880951094458, 32.646388945174259 ], [ -85.485269994172285, 32.646531933977506 ], [ -85.484898927318881, 32.646652973185581 ], [ -85.484639926510894, 32.646807959594184 ], [ -85.484301968175032, 32.647125977312889 ], [ -85.4835869918345, 32.647598978938397 ], [ -85.483164963009813, 32.648061956322067 ], [ -85.482839996623866, 32.64827093054199 ], [ -85.482698929193489, 32.648344964182591 ], [ -85.482566998037555, 32.648413986911464 ], [ -85.482079925644285, 32.648583932217242 ], [ -85.481904995325095, 32.648622960308728 ], [ -85.481806927057988, 32.648611950577603 ], [ -85.481579945120103, 32.6484969834965 ], [ -85.481377941253669, 32.648337977216272 ], [ -85.481312981504104, 32.648326967450046 ], [ -85.48127392183531, 32.648337977216272 ], [ -85.481259924057014, 32.648352939204095 ], [ -85.481275933492071, 32.648367971764792 ], [ -85.481278950977199, 32.648833979893503 ], [ -85.481233940157168, 32.64900194830404 ], [ -85.481171997892744, 32.648987974473513 ], [ -85.480750974896452, 32.648905966393791 ], [ -85.480712921056039, 32.648898979471305 ], [ -85.480499936896464, 32.648968989821483 ], [ -85.480239930260083, 32.649130959121095 ], [ -85.480133983004009, 32.649162929497209 ], [ -85.479949916410362, 32.649209932281053 ], [ -85.479765933635747, 32.649172951113847 ], [ -85.479643976944601, 32.649104987593027 ], [ -85.4795369400411, 32.649105975640431 ], [ -85.479154976713588, 32.649221929984698 ], [ -85.479048945638453, 32.649291940082016 ], [ -85.478911985340631, 32.649445933873373 ], [ -85.478682991745984, 32.649500982002095 ], [ -85.478529938194072, 32.649509944963427 ], [ -85.478299938771059, 32.649426949318553 ], [ -85.477930967393448, 32.649145991551023 ], [ -85.477853937703316, 32.64900194830404 ], [ -85.4778219188332, 32.648878936175478 ], [ -85.477851926046554, 32.648704968647984 ], [ -85.478048984590103, 32.648450968392552 ], [ -85.478078991803457, 32.648312993514047 ], [ -85.478002967941705, 32.648267966372075 ], [ -85.477970949071576, 32.648176994538005 ], [ -85.477680935221855, 32.648345952238394 ], [ -85.477604995179121, 32.648330990249391 ], [ -85.477297966065947, 32.64811996947769 ], [ -85.47717592555577, 32.648135990135685 ], [ -85.477114989119727, 32.648158997771652 ], [ -85.476977945002858, 32.648381945692215 ], [ -85.4768099716633, 32.648466988991245 ], [ -85.476319965603921, 32.648362960911513 ], [ -85.476105975615951, 32.648424996666968 ], [ -85.475893997284729, 32.64865598949401 ], [ -85.475742955389592, 32.648892980598035 ], [ -85.475666931527812, 32.648993973340431 ], [ -85.475070978212344, 32.649073934669111 ], [ -85.474704940500843, 32.649144932929282 ], [ -85.474551970767948, 32.649183960775922 ], [ -85.474475946906196, 32.649260957797722 ], [ -85.47439992304443, 32.649398931213575 ], [ -85.474400928872811, 32.649597951315634 ], [ -85.474324988830091, 32.649659986214338 ], [ -85.474141928064824, 32.64966097425561 ], [ -85.47366499777435, 32.649219953892441 ], [ -85.473587968084217, 32.649136957978413 ], [ -85.473586962255837, 32.648876960075647 ], [ -85.47350892673731, 32.648815983259368 ], [ -85.472836949560048, 32.648911965266194 ], [ -85.472683979827167, 32.648905966393791 ], [ -85.472421961534053, 32.648814995208774 ], [ -85.472338980692641, 32.648785988861114 ], [ -85.472284917417198, 32.648773991098992 ], [ -85.471734980750114, 32.648647943924352 ], [ -85.471591985482007, 32.648565935532801 ], [ -85.471357962745472, 32.648493948758777 ], [ -85.470908944192573, 32.648411940225991 ], [ -85.470733930054351, 32.648351951148364 ], [ -85.470492950338169, 32.648223997840077 ], [ -85.470356995868727, 32.648186945689595 ], [ -85.4702789603502, 32.648197955473066 ], [ -85.470239984500466, 32.648223997840077 ], [ -85.469933961215659, 32.648554996369882 ], [ -85.469700944307505, 32.648686971987907 ], [ -85.469505981239735, 32.648850988473804 ], [ -85.469375977921544, 32.649213955040686 ], [ -85.469336918252765, 32.649686945622207 ], [ -85.469291991251765, 32.649841997346826 ], [ -85.469243962946592, 32.649886953122021 ], [ -85.469128963235093, 32.649917935189414 ], [ -85.468953949096857, 32.649863945930633 ], [ -85.468784969928933, 32.649874955507606 ], [ -85.468699977430759, 32.649934943563537 ], [ -85.468549941364003, 32.650165932490118 ], [ -85.46849897939272, 32.650243987275125 ], [ -85.468374927225781, 32.650331992904874 ], [ -85.467751984182087, 32.650511956032098 ], [ -85.467296930658904, 32.650556982044144 ], [ -85.466964923474293, 32.650550983282081 ], [ -85.466555970418554, 32.650600949429005 ], [ -85.466354972380515, 32.650650986121597 ], [ -85.466016930225607, 32.650595938700846 ], [ -85.465840994078036, 32.650507933330857 ], [ -85.465684923040968, 32.650502993171195 ], [ -85.465600936371203, 32.650539973788341 ], [ -85.465502951923128, 32.65063997664015 ], [ -85.465398932504783, 32.650892982650099 ], [ -85.465398932504783, 32.651030953547739 ], [ -85.465509992721806, 32.651244931521326 ], [ -85.465840994078036, 32.651469988936405 ], [ -85.465918945777517, 32.651552982684969 ], [ -85.465944929677363, 32.651656936480762 ], [ -85.465918945777517, 32.651935980899118 ], [ -85.465867983806262, 32.652101967454158 ], [ -85.465769999358173, 32.652205991184047 ], [ -85.465568917501088, 32.652337961413487 ], [ -85.465509992721806, 32.652398935828032 ], [ -85.465438998001929, 32.652547984221869 ], [ -85.465451989951831, 32.652833941903047 ], [ -85.465159964445348, 32.653063935336917 ], [ -85.465029961127158, 32.65325193812167 ], [ -85.465009928378592, 32.653339940790886 ], [ -85.465035996097441, 32.653438952511621 ], [ -85.465217967215295, 32.653843960824979 ], [ -85.465224924194928, 32.653916931286147 ], [ -85.465165999415646, 32.654015942367899 ], [ -85.465087963897119, 32.654048969561096 ], [ -85.464938933658715, 32.654037960498066 ], [ -85.464730978641043, 32.653938949440686 ], [ -85.464580942574287, 32.653927940364092 ], [ -85.464457980054746, 32.653966966123065 ], [ -85.464119937899852, 32.654206977694756 ], [ -85.464022959280157, 32.654240992808035 ], [ -85.463872923213387, 32.654257929789075 ], [ -85.463664968195701, 32.654230971759411 ], [ -85.463482997077861, 32.654329982493387 ], [ -85.462761985767031, 32.654943945394955 ], [ -85.462358983862572, 32.655247961326076 ], [ -85.462027982506328, 32.655456989321486 ], [ -85.461351982015543, 32.655807932253836 ], [ -85.461240921798534, 32.655889934003262 ], [ -85.460441958788223, 32.656615949653556 ], [ -85.460279936599918, 32.656825962412498 ], [ -85.460116992402263, 32.65712298566369 ], [ -85.460032921913466, 32.657220934668651 ], [ -85.459560936945863, 32.657506947971655 ], [ -85.459546939167581, 32.657521978993351 ], [ -85.459360944736204, 32.65772196896647 ], [ -85.459220966953254, 32.657875948238647 ], [ -85.459025920066452, 32.658046934076573 ], [ -85.457686994853844, 32.658903975372731 ], [ -85.457030943292622, 32.659398931502103 ], [ -85.456815947476258, 32.659531949612543 ], [ -85.456549989688654, 32.659696934134452 ], [ -85.456348991650586, 32.659778932316485 ], [ -85.456292916718368, 32.65980094902725 ], [ -85.455810957286019, 32.659882947113864 ], [ -85.455308965105075, 32.659828963872528 ], [ -85.455256997305426, 32.65980094902725 ], [ -85.454846954602274, 32.659773992669088 ], [ -85.453657981637406, 32.65987193876925 ], [ -85.45279992620975, 32.659998958047659 ], [ -85.452006998169736, 32.660064937434946 ], [ -85.451856962102951, 32.660175937941297 ], [ -85.451786973211483, 32.660268943980967 ], [ -85.451439962420181, 32.659935942394881 ], [ -85.450800926122412, 32.659320955276378 ], [ -85.450650973874644, 32.659151947748192 ], [ -85.450485934201225, 32.658909973574346 ], [ -85.450416951138109, 32.658779988927037 ], [ -85.450357942539782, 32.65864499381366 ], [ -85.45031192589137, 32.658509998496413 ], [ -85.450279990840301, 32.658376978865199 ], [ -85.450258952263326, 32.658235984896756 ], [ -85.450216958928436, 32.657811943138007 ], [ -85.450146970036968, 32.656963994723256 ], [ -85.450143952551841, 32.656682990070401 ], [ -85.450176977250308, 32.656403960467777 ], [ -85.450244954485044, 32.656130998951575 ], [ -85.450342938933119, 32.655860929950741 ], [ -85.450468918937787, 32.655604974072034 ], [ -85.450727919745773, 32.655201949696298 ], [ -85.45084794859919, 32.655005976584633 ], [ -85.451128993812532, 32.654622991521329 ], [ -85.451326974365443, 32.654309940414969 ], [ -85.451585975173444, 32.653860968452314 ], [ -85.451688988763408, 32.653653983290845 ], [ -85.451779932412819, 32.653469933348255 ], [ -85.451950923237504, 32.653068945926755 ], [ -85.452090984839515, 32.652658994062094 ], [ -85.452559952321963, 32.651076967324073 ], [ -85.452710994217099, 32.650671946476741 ], [ -85.452894976991715, 32.650277933322201 ], [ -85.453113996121587, 32.649897962696173 ], [ -85.45331692199737, 32.649588988363107 ], [ -85.453553962219047, 32.649277966296822 ], [ -85.453588998574304, 32.649232939640733 ], [ -85.453938943031702, 32.648835955994286 ], [ -85.456614949438219, 32.645960965474963 ], [ -85.457194977137675, 32.645337977512732 ], [ -85.458132995921602, 32.644342966326761 ], [ -85.458628953132234, 32.643858937164005 ], [ -85.459199928376293, 32.643357966339337 ], [ -85.45960896525105, 32.643044946373507 ], [ -85.459897973272405, 32.642810974702769 ], [ -85.462277930858889, 32.641018936090639 ], [ -85.462885954114952, 32.64053997081303 ], [ -85.463227935764337, 32.640229976003695 ], [ -85.463708973187352, 32.639734984341622 ], [ -85.463867977890501, 32.63948498180806 ], [ -85.463966968166957, 32.639349957563006 ], [ -85.464087919029723, 32.639165948762944 ], [ -85.464200990903507, 32.639016948647892 ], [ -85.464291934552918, 32.638870983349015 ], [ -85.464345997828374, 32.638739981407952 ], [ -85.464422943699489, 32.638612931928428 ], [ -85.465684923040968, 32.636289941551958 ], [ -85.465932943555828, 32.635833961760859 ], [ -85.466103934380513, 32.635516962676029 ], [ -85.467574958387104, 32.63280996638408 ], [ -85.468810953828765, 32.630534967366067 ], [ -85.469113959628402, 32.630011968475401 ], [ -85.469244968774973, 32.62980994001154 ], [ -85.469453929621054, 32.629589981179372 ], [ -85.46977596234089, 32.629212958059625 ], [ -85.47075195114617, 32.628240992049093 ], [ -85.471027967217609, 32.62799095739777 ], [ -85.472227920475618, 32.626870946064408 ], [ -85.473417983087899, 32.62577696961673 ], [ -85.473619986954319, 32.625601968852749 ], [ -85.47384093392192, 32.625384964606461 ], [ -85.474057941395046, 32.625190973377457 ], [ -85.474625982972967, 32.624683968114482 ], [ -85.474835949647414, 32.624495975875952 ], [ -85.475032924371931, 32.62434398636853 ], [ -85.475432992610294, 32.624068950356708 ], [ -85.475775980088088, 32.623868955723978 ], [ -85.476226926478716, 32.6236549828565 ], [ -85.476678962516729, 32.623474965696197 ], [ -85.476901921141121, 32.623400982068091 ], [ -85.47708699356312, 32.623340976217925 ], [ -85.477670960757081, 32.623198938680559 ], [ -85.478161972644855, 32.623122978155543 ], [ -85.478410998988096, 32.62309495181173 ], [ -85.478692966210772, 32.623079985599347 ], [ -85.479075935366694, 32.623062972119023 ], [ -85.479876993852756, 32.623051959242069 ], [ -85.479765933635747, 32.622697993359878 ], [ -85.479727963614366, 32.622507949672126 ], [ -85.479721928644096, 32.621588999446459 ], [ -85.479717653873465, 32.620870182761159 ], [ -85.479711954179322, 32.61989996169445 ], [ -85.47970893669418, 32.619272979946672 ], [ -85.479712960007703, 32.618118971885501 ], [ -85.479717989149606, 32.618034958727044 ], [ -85.479719916987335, 32.617426955267582 ], [ -85.479720922815716, 32.617240995187082 ], [ -85.47970499719969, 32.616601992741053 ], [ -85.479666943359291, 32.615977953136621 ], [ -85.479661998036434, 32.615684958723136 ], [ -85.479627967509543, 32.615149941390179 ], [ -85.479591925325892, 32.614347974214468 ], [ -85.479582956689512, 32.614159960270015 ], [ -85.47966493170253, 32.614153959067401 ], [ -85.479918987187659, 32.61415699496996 ], [ -85.480327940243384, 32.614155935934193 ], [ -85.480950967106111, 32.614153959067401 ], [ -85.481775997835271, 32.61413997979384 ], [ -85.483533934387424, 32.614128965819198 ], [ -85.483815985429146, 32.614116963409387 ], [ -85.48417992766484, 32.614118940276988 ], [ -85.484957935917237, 32.61410496099797 ], [ -85.485144936176965, 32.614107996902192 ], [ -85.485686993855055, 32.614116963409387 ], [ -85.486143975215967, 32.614091970150852 ], [ -85.486397946882079, 32.614099948225672 ], [ -85.488385966676262, 32.614091970150852 ], [ -85.488961971062196, 32.614071989659507 ], [ -85.48974593046583, 32.614038947706426 ], [ -85.490413968148587, 32.614037959271734 ], [ -85.490413968148587, 32.615289944255252 ], [ -85.490406927349923, 32.615920978153468 ], [ -85.490416985633729, 32.616688972460459 ], [ -85.49045193816994, 32.617746983613415 ], [ -85.490458978968618, 32.617957934829327 ], [ -85.490509940939887, 32.618249933416422 ], [ -85.490591999771937, 32.618436950386432 ], [ -85.491067924234002, 32.619158963539384 ], [ -85.491519960272058, 32.619840941868034 ], [ -85.491691956925138, 32.620091987654703 ], [ -85.491827995213612, 32.620264951861898 ], [ -85.492176933842629, 32.620740989993081 ], [ -85.492278857785195, 32.620870182761159 ], [ -85.492378937709077, 32.62099697504518 ], [ -85.492594939353808, 32.621303930231846 ] ] ] } },
{ "type": "Feature", "properties": { "gid": "14" }, "geometry": { "type": "Polygon", "coordinates": [ [ [ -85.429983966681988, 32.607665929566139 ], [ -85.430070970836908, 32.607769934355368 ], [ -85.430126961950094, 32.607821972008381 ], [ -85.430385962758095, 32.608060977665431 ], [ -85.43052694636944, 32.608209958712422 ], [ -85.430660973001153, 32.608382945873132 ], [ -85.430735991034524, 32.6085079906698 ], [ -85.430820983532683, 32.608690932799178 ], [ -85.430928942445547, 32.608921957601915 ], [ -85.431272935751707, 32.608800937959899 ], [ -85.431357928249852, 32.608760974611613 ], [ -85.431430934626476, 32.608724965218919 ], [ -85.431649953756335, 32.60859596674625 ], [ -85.431783980388047, 32.60850198908841 ], [ -85.431967963162663, 32.608347995432894 ], [ -85.432080951217401, 32.608240955211912 ], [ -85.432277925941946, 32.608006963148796 ], [ -85.432362918440091, 32.607884953767794 ], [ -85.432376916218402, 32.607857981764134 ], [ -85.432498956728566, 32.607624977205937 ], [ -85.4325489966905, 32.607486939371142 ], [ -85.432625942561614, 32.607210933671169 ], [ -85.433110919479134, 32.605043952230588 ], [ -85.433171939734223, 32.604772952297203 ], [ -85.433233965817664, 32.604567971865514 ], [ -85.433342930558922, 32.604300995270954 ], [ -85.433485925827014, 32.604038960606069 ], [ -85.433659934136841, 32.603799944216604 ], [ -85.433757918584917, 32.60368696726696 ], [ -85.433974926058028, 32.603472946167358 ], [ -85.434092943254683, 32.603371972656781 ], [ -85.434344987083037, 32.603183935669087 ], [ -85.434615974012573, 32.60302096525308 ], [ -85.434980922076676, 32.602854958254966 ], [ -85.43520999949034, 32.602771989946241 ], [ -85.435526919249256, 32.602686973829321 ], [ -85.435851969454248, 32.602631967511364 ], [ -85.435934950295632, 32.602624976975591 ], [ -85.436098984140699, 32.602609936730111 ], [ -85.436349938321655, 32.602600969070814 ], [ -85.436768949661186, 32.602623988414933 ], [ -85.437260967377355, 32.602714935949763 ], [ -85.437499935436762, 32.60278597099429 ], [ -85.437950965646422, 32.602969983978852 ], [ -85.438161938149236, 32.603084938943915 ], [ -85.438546918961919, 32.603350930610183 ], [ -85.438722938928507, 32.603501967204231 ], [ -85.438882949460066, 32.603664936745176 ], [ -85.439153936389587, 32.604020954962323 ], [ -85.439377984661363, 32.604401967734326 ], [ -85.441062998655909, 32.607584942725374 ], [ -85.441185961175435, 32.607775935985806 ], [ -85.441278916481608, 32.607894980007913 ], [ -85.441489972803467, 32.608119934649679 ], [ -85.441606984171742, 32.608220973415072 ], [ -85.441732964176396, 32.608315939865626 ], [ -85.441929938900941, 32.608445997844939 ], [ -85.44221592943714, 32.60859596674625 ], [ -85.442368982989052, 32.608658947961366 ], [ -85.442606945220078, 32.608734991365004 ], [ -85.44284599709853, 32.608794936398134 ], [ -85.443087982643107, 32.608831934254837 ], [ -85.443250926840733, 32.608842948880991 ], [ -85.44368393595856, 32.608845984963594 ], [ -85.443668932351898, 32.609103981002917 ], [ -85.443649989250758, 32.609304997106278 ], [ -85.44358695733888, 32.609670948341204 ], [ -85.443515962619031, 32.6098789531422 ], [ -85.443376990664447, 32.610136946205806 ], [ -85.443244975689495, 32.610317978661648 ], [ -85.44314598541304, 32.610434971750664 ], [ -85.442880949634755, 32.61071393292918 ], [ -85.440591935697668, 32.61279294652546 ], [ -85.43940396856118, 32.613898942885307 ], [ -85.4390289622133, 32.614282949534058 ], [ -85.43895293835152, 32.614377980158558 ], [ -85.438795945305131, 32.614575948535311 ], [ -85.438675916451714, 32.614762973179616 ], [ -85.438538956153906, 32.615019963748644 ], [ -85.438431919250391, 32.615286978992614 ], [ -85.438348938408993, 32.615571996765468 ], [ -85.438298982266105, 32.615860967289393 ], [ -85.438279955345905, 32.616160950606755 ], [ -85.438282972831047, 32.616714953399217 ], [ -85.43826897505275, 32.617388972564228 ], [ -85.438243996981285, 32.617645955596046 ], [ -85.438229999203003, 32.618151941733693 ], [ -85.438239973667791, 32.618295964054582 ], [ -85.438283978659413, 32.618436950386432 ], [ -85.438330917317188, 32.618498936294827 ], [ -85.438387998077772, 32.618557957005976 ], [ -85.438454969484127, 32.618608929407017 ], [ -85.438527975860751, 32.61864994734303 ], [ -85.438695949200294, 32.618701978673698 ], [ -85.438867945853374, 32.618720969748864 ], [ -85.43903893667806, 32.618708967954618 ], [ -85.439059975255049, 32.618703955440083 ], [ -85.439536989364527, 32.618587961539191 ], [ -85.440344921011217, 32.61841195833378 ], [ -85.44073694262255, 32.618343971443373 ], [ -85.441012958693975, 32.618335993746726 ], [ -85.441090994212516, 32.618329992824002 ], [ -85.441434987518647, 32.618315943603335 ], [ -85.441855926695922, 32.618334934760398 ], [ -85.442352973553994, 32.61837694120873 ], [ -85.443817962590288, 32.618522939938018 ], [ -85.445071979123767, 32.618647970575459 ], [ -85.445321927476343, 32.618663996511266 ], [ -85.445569947991174, 32.618664984894878 ], [ -85.445815956849259, 32.618652983093121 ], [ -85.446071940172118, 32.618616977678215 ], [ -85.44652498203854, 32.618825950080563 ], [ -85.447320927563695, 32.619131994931401 ], [ -85.447406925890235, 32.619159951917524 ], [ -85.447615970555319, 32.619235986403815 ], [ -85.447620999697222, 32.619416929865899 ], [ -85.447609935585049, 32.620366965288639 ], [ -85.44762192170657, 32.620796973548806 ], [ -85.447630555066837, 32.620870182761159 ], [ -85.447679924476503, 32.621289952074655 ], [ -85.447722923639787, 32.621473997636286 ], [ -85.447775981086863, 32.621704989458934 ], [ -85.447824931401399, 32.621957936116445 ], [ -85.447904978576659, 32.622199939673472 ], [ -85.448008997995032, 32.622517974274949 ], [ -85.448255928862451, 32.623242990107904 ], [ -85.448312925804018, 32.623409947644603 ], [ -85.448462961870788, 32.623885969051109 ], [ -85.448622972402347, 32.62421197483588 ], [ -85.448772924650072, 32.624633987490277 ], [ -85.448826987925528, 32.624839980900362 ], [ -85.448929917696461, 32.625053950935026 ], [ -85.449683953705787, 32.626327948004523 ], [ -85.450068934518441, 32.626947962293123 ], [ -85.450296922284707, 32.627238943266669 ], [ -85.450445952523083, 32.627382950967643 ], [ -85.450912992167801, 32.627788994963026 ], [ -85.451236952725395, 32.628019970488843 ], [ -85.451582957688288, 32.628223979549801 ], [ -85.451941954601111, 32.628401940015223 ], [ -85.4520959301624, 32.628457989370553 ], [ -85.452365995082545, 32.628582935540116 ], [ -85.453000924247803, 32.628738941529541 ], [ -85.453411972779335, 32.628809955930585 ], [ -85.453833917784976, 32.628846945516756 ], [ -85.454252929124522, 32.628862969626631 ], [ -85.454673952120814, 32.628868969843239 ], [ -85.456379920873303, 32.628862969626631 ], [ -85.458958948660111, 32.628841933569902 ], [ -85.459378965828037, 32.628831980266177 ], [ -85.460409939918122, 32.628807979387382 ], [ -85.46104495290237, 32.628793931811202 ], [ -85.461804940062933, 32.628795978945568 ], [ -85.462954937178054, 32.628804943981656 ], [ -85.463205975178028, 32.628801979166667 ], [ -85.464575997251401, 32.628790966995865 ], [ -85.465200951951871, 32.628786943317728 ], [ -85.465954987961155, 32.628799932032457 ], [ -85.466280960175496, 32.628828944861276 ], [ -85.466388919088359, 32.628838968756149 ], [ -85.46676199759851, 32.628890994164315 ], [ -85.467285950365763, 32.629015939729321 ], [ -85.467761958646861, 32.629145967640554 ], [ -85.468228998291565, 32.629315949554467 ], [ -85.468688997137605, 32.629523979306249 ], [ -85.468913967418743, 32.629633958871025 ], [ -85.469244968774973, 32.62980994001154 ], [ -85.469113959628402, 32.630011968475401 ], [ -85.468810953828765, 32.630534967366067 ], [ -85.467574958387104, 32.63280996638408 ], [ -85.466103934380513, 32.635516962676029 ], [ -85.465932943555828, 32.635833961760859 ], [ -85.465684923040968, 32.636289941551958 ], [ -85.464422943699489, 32.638612931928428 ], [ -85.464345997828374, 32.638739981407952 ], [ -85.464291934552918, 32.638870983349015 ], [ -85.464200990903507, 32.639016948647892 ], [ -85.464087919029723, 32.639165948762944 ], [ -85.463966968166957, 32.639349957563006 ], [ -85.463867977890501, 32.63948498180806 ], [ -85.463708973187352, 32.639734984341622 ], [ -85.463227935764337, 32.640229976003695 ], [ -85.462885954114952, 32.64053997081303 ], [ -85.462277930858889, 32.641018936090639 ], [ -85.459897973272405, 32.642810974702769 ], [ -85.45960896525105, 32.643044946373507 ], [ -85.459199928376293, 32.643357966339337 ], [ -85.458628953132234, 32.643858937164005 ], [ -85.458132995921602, 32.644342966326761 ], [ -85.457194977137675, 32.645337977512732 ], [ -85.456614949438219, 32.645960965474963 ], [ -85.453938943031702, 32.648835955994286 ], [ -85.453588998574304, 32.649232939640733 ], [ -85.453553962219047, 32.649277966296822 ], [ -85.45331692199737, 32.649588988363107 ], [ -85.453113996121587, 32.649897962696173 ], [ -85.452894976991715, 32.650277933322201 ], [ -85.452710994217099, 32.650671946476741 ], [ -85.452559952321963, 32.651076967324073 ], [ -85.452090984839515, 32.652658994062094 ], [ -85.451950923237504, 32.653068945926755 ], [ -85.451779932412819, 32.653469933348255 ], [ -85.451688988763408, 32.653653983290845 ], [ -85.451585975173444, 32.653860968452314 ], [ -85.451326974365443, 32.654309940414969 ], [ -85.451128993812532, 32.654622991521329 ], [ -85.45084794859919, 32.655005976584633 ], [ -85.450727919745773, 32.655201949696298 ], [ -85.450468918937787, 32.655604974072034 ], [ -85.450342938933119, 32.655860929950741 ], [ -85.450244954485044, 32.656130998951575 ], [ -85.450176977250308, 32.656403960467777 ], [ -85.450143952551841, 32.656682990070401 ], [ -85.450146970036968, 32.656963994723256 ], [ -85.450216958928436, 32.657811943138007 ], [ -85.450258952263326, 32.658235984896756 ], [ -85.450279990840301, 32.658376978865199 ], [ -85.45031192589137, 32.658509998496413 ], [ -85.450357942539782, 32.65864499381366 ], [ -85.450416951138109, 32.658779988927037 ], [ -85.450485934201225, 32.658909973574346 ], [ -85.450650973874644, 32.659151947748192 ], [ -85.450800926122412, 32.659320955276378 ], [ -85.451439962420181, 32.659935942394881 ], [ -85.451786973211483, 32.660268943980967 ], [ -85.451908929902629, 32.660386930259271 ], [ -85.451963999006466, 32.660439995807344 ], [ -85.452012949320988, 32.660492990758101 ], [ -85.452066928777413, 32.660549937361253 ], [ -85.452162985387744, 32.66067095759314 ], [ -85.452246972057537, 32.660793953497681 ], [ -85.452317966777386, 32.660918995632166 ], [ -85.452379992860855, 32.661050952999744 ], [ -85.452430954832153, 32.661188978786463 ], [ -85.452470936510281, 32.661328980184692 ], [ -85.45249893206686, 32.661475967303808 ], [ -85.452527933451847, 32.661920949398706 ], [ -85.452545954543652, 32.662241947634627 ], [ -85.452548972028794, 32.662296987884645 ], [ -85.45255299534233, 32.662370939346687 ], [ -85.452589959535302, 32.663022951497545 ], [ -85.452671934548334, 32.663862939361067 ], [ -85.452795986715259, 32.664701931454694 ], [ -85.452930935356321, 32.665541974099519 ], [ -85.452932947013082, 32.665675970931844 ], [ -85.452936970326604, 32.665826972913919 ], [ -85.452898916486205, 32.666113946538289 ], [ -85.452838985878529, 32.666324995399556 ], [ -85.452752987551989, 32.666527999801829 ], [ -85.452644944820122, 32.666718937828151 ], [ -85.452517958987059, 32.666901972641114 ], [ -85.452459956217098, 32.666975990853395 ], [ -85.451627968508319, 32.668007935234357 ], [ -85.451230917755083, 32.668459940760094 ], [ -85.450088967267021, 32.669684987012538 ], [ -85.449897943693728, 32.669912961454365 ], [ -85.449729970354198, 32.670159986028587 ], [ -85.449586975086092, 32.670415970785122 ], [ -85.449468957889437, 32.670681974013661 ], [ -85.449375918764218, 32.670947976450257 ], [ -85.449297967064723, 32.671277973597888 ], [ -85.449276928487777, 32.671417959190975 ], [ -85.449256979558214, 32.671710982759194 ], [ -85.449272988993286, 32.672270991658387 ], [ -85.44930199037826, 32.672690943112073 ], [ -85.449336942914485, 32.673830982820846 ], [ -85.44931598815657, 32.674413979309996 ], [ -85.449267959851383, 32.674804993339961 ], [ -85.449243987608313, 32.675022936 ], [ -85.44915296013987, 32.675569942218424 ], [ -85.449052964035019, 32.675989948718303 ], [ -85.448554995167626, 32.677838998028918 ], [ -85.448331952724232, 32.678524973736252 ], [ -85.448119974393023, 32.679062998512684 ], [ -85.447270971420792, 32.680932937468157 ], [ -85.447201988357691, 32.681059997359093 ], [ -85.447020939249185, 32.681450982297058 ], [ -85.446818935382751, 32.681828984512677 ], [ -85.446438983711985, 32.682455951065428 ], [ -85.446094990405825, 32.682942945903022 ], [ -85.445677990723041, 32.683494983051546 ], [ -85.443489978719185, 32.686374974296953 ], [ -85.44323491740569, 32.686745971706763 ], [ -85.443030985701512, 32.687119930456667 ], [ -85.442918919656123, 32.687375937156546 ], [ -85.442788916337946, 32.687778957514531 ], [ -85.442725968245114, 32.688054996839583 ], [ -85.442664947990025, 32.688478965620689 ], [ -85.442617925513233, 32.688908999119775 ], [ -85.44260996270522, 32.689050932293803 ], [ -85.442560928571666, 32.689587976600599 ], [ -85.442397984374026, 32.691290935220543 ], [ -85.442341993260825, 32.69164194904004 ], [ -85.442195980507606, 32.692193932409559 ], [ -85.442098918068851, 32.692466995380805 ], [ -85.441913929465869, 32.692860963605284 ], [ -85.441780992481554, 32.693111945499496 ], [ -85.441618970293263, 32.693364972344121 ], [ -85.440973982844227, 32.694238956959531 ], [ -85.440505099180811, 32.694865977454391 ], [ -85.439903949085362, 32.69566997366487 ], [ -85.438166967291153, 32.697994947749571 ], [ -85.438146934542573, 32.698021963111437 ], [ -85.438078957307866, 32.698112954740054 ], [ -85.437409997615731, 32.699007982955521 ], [ -85.437155942130616, 32.69937794037709 ], [ -85.436939940485885, 32.699754949746676 ], [ -85.436763920519283, 32.700155939255431 ], [ -85.436621931079557, 32.700574983710453 ], [ -85.43652998160178, 32.7009579834018 ], [ -85.436504919711297, 32.701064983205988 ], [ -85.436470973003452, 32.701225941140464 ], [ -85.436454963568394, 32.70129894343836 ], [ -85.436199986073902, 32.702699941185266 ], [ -85.436138965818827, 32.703037932213327 ], [ -85.436015919480283, 32.703600989132127 ], [ -85.435966969165747, 32.70377999859199 ], [ -85.434767937917073, 32.708024984910253 ], [ -85.434687974560831, 32.708307943904302 ], [ -85.434641957912419, 32.708516988806075 ], [ -85.434207942966196, 32.7084829943581 ], [ -85.434093949083064, 32.708465997129252 ], [ -85.433884988236997, 32.708434964835867 ], [ -85.433561949688766, 32.708367963256528 ], [ -85.433240922797296, 32.708282976970338 ], [ -85.43292894836128, 32.708173940504523 ], [ -85.432773966971624, 32.708114978944856 ], [ -85.43260892729819, 32.708037962112051 ], [ -85.432478923980014, 32.707976955141454 ], [ -85.432193939272167, 32.707823979097611 ], [ -85.431926975656154, 32.70765196007941 ], [ -85.431673925999419, 32.707464988642471 ], [ -85.431437975425141, 32.707266943781029 ], [ -85.431216944638507, 32.707050984104143 ], [ -85.431015946600454, 32.706822963407724 ], [ -85.430833975482614, 32.706583939540486 ], [ -85.430208936963112, 32.705581993045605 ], [ -85.430037946138413, 32.705341978428443 ], [ -85.429839965585501, 32.705114940792626 ], [ -85.42968749876681, 32.704965274784499 ], [ -85.429621952284009, 32.704900950767957 ], [ -85.429387929547474, 32.704699937917411 ], [ -85.429138987023279, 32.704515993129689 ], [ -85.428945951793239, 32.704390941491134 ], [ -85.428666918236686, 32.704227943858243 ], [ -85.428384951013982, 32.70408497684469 ], [ -85.428231981281101, 32.704011976825903 ], [ -85.427864937741234, 32.703855961126607 ], [ -85.427474927786662, 32.703701990573649 ], [ -85.426465998101904, 32.703366964403038 ], [ -85.425159929949729, 32.702932980211436 ], [ -85.423466953147184, 32.702335992820487 ], [ -85.422105983529235, 32.701843954841927 ], [ -85.421139969188744, 32.70156795815398 ], [ -85.420304963994795, 32.701398960016213 ], [ -85.419451937709042, 32.701281944840993 ], [ -85.419066956896373, 32.7012549304659 ], [ -85.417010959867454, 32.701228974087364 ], [ -85.416016949970356, 32.701215995895254 ], [ -85.415324940044528, 32.701138973107625 ], [ -85.414609963704009, 32.700933931351692 ], [ -85.413911918807898, 32.700614976572766 ], [ -85.413155954960871, 32.700068970179878 ], [ -85.411040949333611, 32.698444967593545 ], [ -85.410789995152669, 32.698249935761083 ], [ -85.407159960527196, 32.695407994996678 ], [ -85.406934990246071, 32.695213944065848 ], [ -85.406806998584642, 32.695103974630591 ], [ -85.406586973626389, 32.69488699797742 ], [ -85.406568784896521, 32.694865977454391 ], [ -85.40628698531188, 32.694540934642696 ], [ -85.406020943705229, 32.694176953006099 ], [ -85.405791950110597, 32.693794982308972 ], [ -85.405597992871193, 32.693392976665052 ], [ -85.405436976511268, 32.692970935803743 ], [ -85.405392971519618, 32.692823929960809 ], [ -85.405317953486232, 32.692488933495959 ], [ -85.405276965979724, 32.691459952497219 ], [ -85.405288952101259, 32.690786985314233 ], [ -85.405300938222808, 32.69020896312017 ], [ -85.405315941829485, 32.687360981701303 ], [ -85.405218963209791, 32.686500968265932 ], [ -85.404921992380409, 32.685489978054612 ], [ -85.404559977982444, 32.684761939496582 ], [ -85.402390992898788, 32.680697936160811 ], [ -85.402273981530499, 32.680431962755392 ], [ -85.40218999486072, 32.680154982711983 ], [ -85.402136937413644, 32.679875955844587 ], [ -85.402120927978601, 32.6795919895536 ], [ -85.40212696294887, 32.679449970794117 ], [ -85.402169962112154, 32.679166990863898 ], [ -85.402251937125172, 32.678893957770271 ], [ -85.40238495792849, 32.678539930671278 ], [ -85.402454946819972, 32.678361999423288 ], [ -85.402537927661385, 32.67808896386898 ], [ -85.402615963179912, 32.677694930467169 ], [ -85.402611939866361, 32.677151958763396 ], [ -85.402584950138163, 32.676871934774304 ], [ -85.402425945434999, 32.676036937395899 ], [ -85.402345982078756, 32.67566497829845 ], [ -85.402259983752231, 32.675205953802305 ], [ -85.402194940183591, 32.674935942441287 ], [ -85.402141966555547, 32.674656969825129 ], [ -85.402111959342207, 32.674376938014881 ], [ -85.402014980722512, 32.673929971842981 ], [ -85.401920935768928, 32.673435942858269 ], [ -85.401852958534192, 32.673016982689617 ], [ -85.401726978529524, 32.672532967654035 ], [ -85.401672999073099, 32.672409987905802 ], [ -85.40158096577629, 32.672237971198278 ], [ -85.401500918600988, 32.672053959521868 ], [ -85.401338980231728, 32.671728974784202 ], [ -85.401175952215041, 32.671477932790253 ], [ -85.40099196944044, 32.671240931002522 ], [ -85.40078594226047, 32.671016981727512 ], [ -85.400460975874523, 32.670698978437144 ], [ -85.3999949420582, 32.670314931685482 ], [ -85.39919899653303, 32.669626987850961 ], [ -85.397308961186923, 32.667975971597507 ], [ -85.397087930400289, 32.667762950953076 ], [ -85.39699095178058, 32.667649984184663 ], [ -85.396824990097798, 32.667414947933374 ], [ -85.396683922667435, 32.667159942427148 ], [ -85.396570934612669, 32.666892940862681 ], [ -85.396488959599651, 32.666617965108962 ], [ -85.396461969871439, 32.666476984140374 ], [ -85.396435985971607, 32.666195938833148 ], [ -85.396449983749918, 32.665915951065195 ], [ -85.39649993989282, 32.665638996575865 ], [ -85.396823984269417, 32.664446988769292 ], [ -85.396864971775926, 32.664300994415775 ], [ -85.397221957031988, 32.662997971898875 ], [ -85.397358917329811, 32.662459991503162 ], [ -85.397402922321461, 32.662178933563197 ], [ -85.397409963120126, 32.662035969782835 ], [ -85.397404933978223, 32.661894981585966 ], [ -85.397362940643333, 32.661610958141686 ], [ -85.397326982278727, 32.66147194509589 ], [ -85.397230925668381, 32.661198999055124 ], [ -85.397178957868718, 32.66107797953817 ], [ -85.397000926245369, 32.660667993834331 ], [ -85.396605970967926, 32.659815979663215 ], [ -85.396333978210009, 32.65930098488365 ], [ -85.396575963754572, 32.659203955526813 ], [ -85.398030978326105, 32.658576966925473 ], [ -85.397944979999565, 32.658345999729036 ], [ -85.397898963351153, 32.658135990541119 ], [ -85.397890916724108, 32.657990973828014 ], [ -85.397894940037631, 32.657414997582002 ], [ -85.397871973622941, 32.657194965490469 ], [ -85.397829980288037, 32.657067942227627 ], [ -85.397819922004231, 32.656964982683817 ], [ -85.397756973911427, 32.656659984627773 ], [ -85.397636945058011, 32.656030931671985 ], [ -85.397609955329798, 32.655835948350514 ], [ -85.397567961994909, 32.655543931274238 ], [ -85.397479952011622, 32.655112960878888 ], [ -85.397427984211959, 32.654974996280259 ], [ -85.39735497783532, 32.65485093381487 ], [ -85.396632960696138, 32.653944947975432 ], [ -85.396751983721174, 32.653845936815046 ], [ -85.396789953742541, 32.653797948472629 ], [ -85.396837982047714, 32.653736975012173 ], [ -85.396908976767591, 32.653597949721139 ], [ -85.396953987587622, 32.65345497221665 ], [ -85.396983994800948, 32.653313970485321 ], [ -85.397119949270419, 32.652337961413487 ], [ -85.397172922898449, 32.652126950097752 ], [ -85.397256993387245, 32.651932946278102 ], [ -85.397290940095118, 32.651876982202438 ], [ -85.397382973391927, 32.651758984692272 ], [ -85.397497973103441, 32.65164296306515 ], [ -85.397620935622953, 32.651540985294112 ], [ -85.397784969468006, 32.651383960471144 ], [ -85.398016980547794, 32.651186990966252 ], [ -85.398350999389194, 32.650922976341612 ], [ -85.398837987963432, 32.650525929624465 ], [ -85.398887944106349, 32.650466929997371 ], [ -85.39893999572503, 32.650365938918554 ], [ -85.398973942432903, 32.650245963344744 ], [ -85.398984922726029, 32.649955974660671 ], [ -85.398980983231539, 32.649745945763939 ], [ -85.398992969353074, 32.648265990258743 ], [ -85.399005961303004, 32.648143965175819 ], [ -85.399020964909681, 32.647968937582824 ], [ -85.399030939374441, 32.647545976344162 ], [ -85.400097955648164, 32.647674989261731 ], [ -85.400352933142656, 32.647716981938188 ], [ -85.400512943674201, 32.647741965806922 ], [ -85.400653927285532, 32.647761938781713 ], [ -85.400946958620409, 32.647792992161222 ], [ -85.401365969959954, 32.647846982670366 ], [ -85.40557997177936, 32.648417939131548 ], [ -85.406287991140289, 32.648509969349774 ], [ -85.407205977175593, 32.648602987526246 ], [ -85.40736297022201, 32.648617949469738 ], [ -85.407711992670045, 32.648638980876612 ], [ -85.407696989063382, 32.648329931618015 ], [ -85.40769397157824, 32.647713947173997 ], [ -85.407687936607957, 32.647280962901746 ], [ -85.407675950486421, 32.647135999157804 ], [ -85.407659941051364, 32.646973955668336 ], [ -85.407660946879744, 32.646905990476249 ], [ -85.407659941051364, 32.6465609410563 ], [ -85.407647954929828, 32.645780993188907 ], [ -85.407653989900112, 32.64549593046214 ], [ -85.407650972414984, 32.645256954175757 ], [ -85.407644937444687, 32.645016989158236 ], [ -85.407647954929828, 32.644888960500204 ], [ -85.407621971029982, 32.643824988680279 ], [ -85.407613924402952, 32.643233958335095 ], [ -85.407613924402952, 32.642869979380912 ], [ -85.407587940503149, 32.642150980727926 ], [ -85.407501942176594, 32.641591982984444 ], [ -85.407475958276748, 32.641287991204706 ], [ -85.407475958276748, 32.64103799301148 ], [ -85.407518957440004, 32.64090897051986 ], [ -85.408097979311108, 32.640576955550067 ], [ -85.408214990679369, 32.640478988312474 ], [ -85.408301994834289, 32.640362952050751 ], [ -85.408329990390882, 32.640298934413707 ], [ -85.408361925441966, 32.640168993291788 ], [ -85.408379946533813, 32.639889982738254 ], [ -85.408403918776855, 32.638685985401203 ], [ -85.408421939868688, 32.638015938124809 ], [ -85.407641919959545, 32.63793794325111 ], [ -85.407294992987261, 32.637913944814755 ], [ -85.406942953054084, 32.637910980301584 ], [ -85.406793922815694, 32.637908933375769 ], [ -85.406625949476137, 32.637916979911488 ], [ -85.406533999998345, 32.637908933375769 ], [ -85.406359991688504, 32.637927990959177 ], [ -85.405849952880516, 32.63795594207415 ], [ -85.404084975529713, 32.638087933332471 ], [ -85.404022949446258, 32.638091956592383 ], [ -85.403119967017588, 32.638163951738875 ], [ -85.402572964016628, 32.638210960303262 ], [ -85.401652966324534, 32.638290931272692 ], [ -85.401657995466437, 32.638232982324922 ], [ -85.401699988801326, 32.63809795619013 ], [ -85.401861927170586, 32.637717933815622 ], [ -85.401926970739211, 32.637596953099838 ], [ -85.401953960467424, 32.637471948932856 ], [ -85.401991930488776, 32.637294994683543 ], [ -85.402000982944202, 32.637033974174678 ], [ -85.401561938856119, 32.637054937721231 ], [ -85.401423972729887, 32.635968991312716 ], [ -85.401440987993325, 32.635433954046078 ], [ -85.401489938307847, 32.635254948779234 ], [ -85.401961923275422, 32.634885996336394 ], [ -85.402521918226299, 32.634707978179684 ], [ -85.402745966498088, 32.634534971297057 ], [ -85.402849985916475, 32.634327941405409 ], [ -85.402861972037982, 32.634261943026942 ], [ -85.40282492402595, 32.634171945159672 ], [ -85.402597942088079, 32.633886986609525 ], [ -85.402421922121476, 32.633780965138733 ], [ -85.402357968200278, 32.633600968346087 ], [ -85.402266940731835, 32.633462970559819 ], [ -85.402285967652034, 32.633259961664898 ], [ -85.402545974288415, 32.632698931906297 ], [ -85.402591990936827, 32.632616979479273 ], [ -85.402532982338499, 32.632516956475669 ], [ -85.401805936057414, 32.632594956075231 ], [ -85.401155919466476, 32.632499944789267 ], [ -85.400855931151966, 32.632536932850172 ], [ -85.400661973912591, 32.632560932728843 ], [ -85.40025293703782, 32.632445945016386 ], [ -85.400096949819783, 32.632329968923443 ], [ -85.399680955965394, 32.632280980802506 ], [ -85.399219951290959, 32.632076980990348 ], [ -85.397822939489387, 32.631685991815168 ], [ -85.397179963697099, 32.631130952252789 ], [ -85.396692975122846, 32.630970997442532 ], [ -85.39651092018596, 32.630833983849456 ], [ -85.396121999878815, 32.630767982893843 ], [ -85.39570592220538, 32.630870972599027 ], [ -85.394925986115283, 32.630816971843089 ], [ -85.394100955386122, 32.630628992486955 ], [ -85.39351598236378, 32.630304986586459 ], [ -85.393210964907382, 32.630034980773246 ], [ -85.392931931350802, 32.629743938300649 ], [ -85.392516943324793, 32.629155991499921 ], [ -85.392327931408275, 32.628824991775659 ], [ -85.392204968888734, 32.628686986623904 ], [ -85.392117964733814, 32.628609971891699 ], [ -85.392026937265371, 32.628528933403487 ], [ -85.392757923040961, 32.627617951272292 ], [ -85.392854985479687, 32.627496956899918 ], [ -85.393496955443595, 32.626738938258818 ], [ -85.393966928754395, 32.626221988170578 ], [ -85.394049993414825, 32.626129935021787 ], [ -85.39457696366722, 32.625568931154987 ], [ -85.395955954376987, 32.624145968996537 ], [ -85.396188971285156, 32.623918936775375 ], [ -85.396385946009687, 32.623747956283395 ], [ -85.396610916290797, 32.623578952123538 ], [ -85.397054989520825, 32.623367943557916 ], [ -85.397361934814953, 32.623246943440066 ], [ -85.397749933112792, 32.623133991023757 ], [ -85.398162993301057, 32.623063960454076 ], [ -85.398582926649951, 32.623029933484112 ], [ -85.398967991281637, 32.623017932267537 ], [ -85.400198957581381, 32.622981999203631 ], [ -85.400804969180683, 32.622936959311396 ], [ -85.400913933921913, 32.622932935370073 ], [ -85.402241962660383, 32.62288394210514 ], [ -85.403333957005557, 32.622818994219799 ], [ -85.404574981589121, 32.622728984844258 ], [ -85.404865917448205, 32.622686980438019 ], [ -85.404989969615144, 32.622677944193441 ], [ -85.404916963238506, 32.622337954827969 ], [ -85.404812943820161, 32.621819990972369 ], [ -85.40468193467359, 32.621278938979572 ], [ -85.404632984359068, 32.62106898394611 ], [ -85.404604988802475, 32.620989985942892 ], [ -85.404517984647555, 32.620921930413246 ], [ -85.404496946070594, 32.620870182761159 ], [ -85.404391920823869, 32.620611938233125 ], [ -85.404263929162425, 32.620330960563059 ], [ -85.404093944166107, 32.619953969037404 ], [ -85.403912978876633, 32.619627947745023 ], [ -85.403598992783841, 32.619123946706516 ], [ -85.403215939808902, 32.618484957699636 ], [ -85.402906982858013, 32.618038982888542 ], [ -85.402570952359881, 32.617561941993728 ], [ -85.401956977952551, 32.616632986335816 ], [ -85.402291918803286, 32.616472935014642 ], [ -85.40387693669301, 32.615700985189342 ], [ -85.405179987360029, 32.615093954303184 ], [ -85.406271981705203, 32.614616968318984 ], [ -85.406550931442737, 32.614493979513732 ], [ -85.407295998815655, 32.614184953509572 ], [ -85.416551966849795, 32.610317978661648 ], [ -85.419000991318427, 32.609294971024006 ], [ -85.420438990626508, 32.608687967318005 ], [ -85.421519920859495, 32.608230999617582 ], [ -85.421720918897535, 32.60814295257552 ], [ -85.423595950637022, 32.607323976783896 ], [ -85.424028959754835, 32.607134959581451 ], [ -85.425344918552739, 32.606554984248646 ], [ -85.42589292738208, 32.606318940132539 ], [ -85.425929975394098, 32.606303971115878 ], [ -85.4266879508979, 32.605955940773015 ], [ -85.427304942790329, 32.605682966545039 ], [ -85.428475978482425, 32.605167942546849 ], [ -85.42875593404834, 32.60561899470963 ], [ -85.429037985090076, 32.6060749872141 ], [ -85.42918399784331, 32.606309972844549 ], [ -85.42942799504462, 32.606698954614103 ], [ -85.429641985032603, 32.607083980648682 ], [ -85.42968749876681, 32.607177112499798 ], [ -85.429817921180174, 32.607443939306506 ], [ -85.429983966681988, 32.607665929566139 ] ] ] } }
]
}
