{"0": [-203.8904995351196, [[241, 371, 626, 561, 904, 1237, 1832, 2502, 3208, 3046, 3740, 5386], [-720.0, -660.0, -600.0, -540.0, -480.0, -420.0, -360.0, -300.0, -240.0, -180.0, -120.0, -60.0, 0.0]]], "1": [-172.7463493780422, [[8, 96, 132, 196, 202, 321, 457, 675, 791, 817, 3], [-600.0, -540.0, -480.0, -420.0, -360.0, -300.0, -240.0, -180.0, -120.0, -60.0, 0.0, 60.0]]], "10": [-112.70981162602565, [[364, 1031, 1726, 2596, 4184, 7005, 6693, 2278], [-420.0, -360.0, -300.0, -240.0, -180.0, -120.0, -60.0, 0.0, 60.0]]], "14": [-145.72064808613672, [[504, 1185, 2017, 3429, 5409, 7150, 9572, 8841, 715], [-480.0, -420.0, -360.0, -300.0, -240.0, -180.0, -120.0, -60.0, 0.0, 60.0]]], "15": [-219.3214190450787, [[375, 765, 645, 908, 1355, 2673, 2583, 3768, 4625, 5364, 5396, 3639, 868, 382, 395], [-720.0, -660.0, -600.0, -540.0, -480.0, -420.0, -360.0, -300.0, -240.0, -180.0, -120.0, -60.0, 0.0, 60.0, 120.0, 180.0]]], "16": [-189.03980334316617, [[1153, 2242, 3563, 5683, 8272, 11798, 15727, 17661, 17022, 12533, 4273, 1765], [-600.0, -540.0, -480.0, -420.0, -360.0, -300.0, -240.0, -180.0, -120.0, -60.0, 0.0, 60.0, 120.0]]], "17": [-173.79625094695302, [[1164, 4695, 7392, 10689, 15290, 21942, 32726, 36638, 52167, 35302, 7511, 1526, 1], [-600.0, -540.0, -480.0, -420.0, -360.0, -300.0, -240.0, -180.0, -120.0, -60.0, 0.0, 60.0, 120.0, 180.0]]], "18": [-133.38250239863544, [[1091, 3201, 5564, 9430, 12630, 19338, 26398, 32594, 1437, 568, 300], [-480.0, -420.0, -360.0, -300.0, -240.0, -180.0, -120.0, -60.0, 0.0, 60.0, 120.0, 180.0]]], "19": [-102.886295503212, [[641, 1458, 1754, 2604, 7502, 9198, 188, 5], [-360.0, -300.0, -240.0, -180.0, -120.0, -60.0, 0.0, 60.0, 120.0]]], "2": [-128.51260322070266, [[996, 2105, 3346, 5146, 7913, 14471, 11413, 737, 10], [-420.0, -360.0, -300.0, -240.0, -180.0, -120.0, -60.0, 0.0, 60.0, 120.0]]], "21": [-124.77680771667957, [[677, 1365, 1806, 3410, 5115, 6957, 7386, 1654, 36], [-420.0, -360.0, -300.0, -240.0, -180.0, -120.0, -60.0, 0.0, 60.0, 120.0]]], "22": [-24.6235217884335, [[208, 427, 795, 1087, 3182, 444], [-240.0, -180.0, -120.0, -60.0, 0.0, 60.0, 120.0]]], "24": [-124.84290060346117, [[381, 829, 1639, 2149, 2450, 6216, 6314, 70], [-420.0, -360.0, -300.0, -240.0, -180.0, -120.0, -60.0, 0.0, 60.0]]], "26": [-145.63498018864615, [[376, 1522, 2171, 3171, 4409, 6217, 8426, 14285, 14586, 1875], [-540.0, -480.0, -420.0, -360.0, -300.0, -240.0, -180.0, -120.0, -60.0, 0.0, 60.0]]], "27": [-160.94642386143838, [[89, 1947, 3576, 5508, 9074, 13842, 18447, 20922, 15031, 2548, 6], [-540.0, -480.0, -420.0, -360.0, -300.0, -240.0, -180.0, -120.0, -60.0, 0.0, 60.0, 120.0]]], "28": [-179.29398687849047, [[633, 1032, 1731, 2658, 4189, 5480, 6485, 9190, 5476], [-540.0, -480.0, -420.0, -360.0, -300.0, -240.0, -180.0, -120.0, -60.0, 0.0]]], "29": [-95.06164148351648, [[17, 1097, 1760, 3443, 7720, 9228, 31], [-360.0, -300.0, -240.0, -180.0, -120.0, -60.0, 0.0, 60.0]]], "30": [-73.25396495396495, [[618, 2239, 3901, 10671, 10017, 6217], [-300.0, -240.0, -180.0, -120.0, -60.0, 0.0, 60.0]]], "31": [-80.4693334909005, [[1022, 2359, 3870, 5712, 10897, 15074, 11620, 218], [-360.0, -300.0, -240.0, -180.0, -120.0, -60.0, 0.0, 60.0, 120.0]]], "32": [-109.08454989614113, [[850, 1486, 2110, 3078, 4260, 8525, 11297, 2056], [-420.0, -360.0, -300.0, -240.0, -180.0, -120.0, -60.0, 0.0, 60.0]]], "33": [-139.45810855444236, [[753, 1207, 2099, 2977, 4100, 5629, 8702, 8751, 1070, 701], [-480.0, -420.0, -360.0, -300.0, -240.0, -180.0, -120.0, -60.0, 0.0, 60.0, 120.0]]], "34": [-119.56639905722913, [[232, 636, 944, 1362, 2204, 3575, 3879, 745], [-420.0, -360.0, -300.0, -240.0, -180.0, -120.0, -60.0, 0.0, 60.0]]], "35": [-87.5672753483902, [[276, 570, 1091, 1567, 2594, 4792, 1589, 6, 1], [-360.0, -300.0, -240.0, -180.0, -120.0, -60.0, 0.0, 60.0, 120.0, 180.0]]], "36": [-97.003071358861, [[955, 1869, 3196, 5078, 8674, 11937, 3112, 16], [-360.0, -300.0, -240.0, -180.0, -120.0, -60.0, 0.0, 60.0, 120.0]]], "37": [-173.11635342583673, [[523, 1116, 1775, 2370, 3448, 4471, 5681, 8423, 12954, 3721, 2538, 1771], [-600.0, -540.0, -480.0, -420.0, -360.0, -300.0, -240.0, -180.0, -120.0, -60.0, 0.0, 60.0, 120.0]]], "38": [-135.38982928934496, [[139, 980, 1708, 2392, 3267, 4758, 5311, 13337, 5055, 1925, 2406], [-540.0, -480.0, -420.0, -360.0, -300.0, -240.0, -180.0, -120.0, -60.0, 0.0, 60.0, 120.0]]], "39": [-161.05158617647984, [[980, 1836, 2799, 4016, 5880, 7635, 10504, 16629, 10566, 1107, 1534], [-540.0, -480.0, -420.0, -360.0, -300.0, -240.0, -180.0, -120.0, -60.0, 0.0, 60.0, 120.0]]], "40": [-153.3582646250491, [[544, 1536, 1598, 2108, 3256, 5677, 8115, 11957, 10908, 147], [-540.0, -480.0, -420.0, -360.0, -300.0, -240.0, -180.0, -120.0, -60.0, 0.0, 60.0]]], "41": [-157.20576994474655, [[778, 1259, 1954, 3085, 3968, 5561, 7405, 11402, 6700, 3666], [-540.0, -480.0, -420.0, -360.0, -300.0, -240.0, -180.0, -120.0, -60.0, 0.0, 60.0]]], "42": [-148.31440028424953, [[627, 1357, 1689, 2202, 2614, 3424, 5363, 8199, 13765, 161], [-540.0, -480.0, -420.0, -360.0, -300.0, -240.0, -180.0, -120.0, -60.0, 0.0, 60.0]]], "43": [-162.27846221269965, [[493, 1065, 1669, 2636, 4129, 5235, 6103, 10139, 9271, 332], [-540.0, -480.0, -420.0, -360.0, -300.0, -240.0, -180.0, -120.0, -60.0, 0.0, 60.0]]], "44": [-153.9424206815511, [[48, 786, 1357, 2646, 4832, 6952, 9580, 8982, 9334, 1416], [-540.0, -480.0, -420.0, -360.0, -300.0, -240.0, -180.0, -120.0, -60.0, 0.0, 60.0]]], "45": [-127.41244447790409, [[14, 736, 1238, 1952, 2762, 4013, 7807, 7691, 353], [-480.0, -420.0, -360.0, -300.0, -240.0, -180.0, -120.0, -60.0, 0.0, 60.0]]], "46": [-117.87058007509161, [[667, 2763, 4527, 7004, 10015, 21306, 16754, 3281, 2], [-420.0, -360.0, -300.0, -240.0, -180.0, -120.0, -60.0, 0.0, 60.0, 120.0]]], "48": [-144.6961670127392, [[401, 834, 1512, 2683, 3917, 4948, 3511], [-420.0, -360.0, -300.0, -240.0, -180.0, -120.0, -60.0, 0.0]]], "5": [-199.28442932672203, [[1010, 4514, 7725, 14012, 25243, 38538, 47440, 49357, 54079, 21816, 3452, 638], [-600.0, -540.0, -480.0, -420.0, -360.0, -300.0, -240.0, -180.0, -120.0, -60.0, 0.0, 60.0, 120.0]]], "50": [-286.6629137960007, [[37, 64, 87, 138, 189, 233, 545, 497, 773, 966, 512, 535, 1212, 157], [-840.0, -780.0, -720.0, -660.0, -600.0, -540.0, -480.0, -420.0, -360.0, -300.0, -240.0, -180.0, -120.0, -60.0, 0.0]]], "51": [-191.41364540032532, [[695, 1277, 2034, 3042, 4457, 6022, 7846, 9153, 13396, 5919], [-600.0, -540.0, -480.0, -420.0, -360.0, -300.0, -240.0, -180.0, -120.0, -60.0, 0.0]]], "52": [-128.81213307240705, [[15, 83, 107, 144, 258, 524, 402], [-420.0, -360.0, -300.0, -240.0, -180.0, -120.0, -60.0, 0.0]]], "53": [-155.43356914847726, [[97, 1498, 2463, 3841, 6927, 11384, 15655, 4389, 110], [-480.0, -420.0, -360.0, -300.0, -240.0, -180.0, -120.0, -60.0, 0.0, 60.0]]], "54": [-136.49084597898874, [[527, 1633, 2409, 3624, 5086, 6658, 8714, 13034, 20151, 1776, 1496], [-540.0, -480.0, -420.0, -360.0, -300.0, -240.0, -180.0, -120.0, -60.0, 0.0, 60.0, 120.0]]], "55": [-174.00903396949377, [[231, 1044, 1590, 2782, 5114, 7380, 8595, 12823, 16668, 11448, 160, 12, 7], [-600.0, -540.0, -480.0, -420.0, -360.0, -300.0, -240.0, -180.0, -120.0, -60.0, 0.0, 60.0, 120.0, 180.0]]], "56": [-118.9505655268789, [[973, 1647, 1534, 2785, 1379, 1777, 2503, 3285, 4674, 7853, 14670, 2352, 359, 5, 1], [-600.0, -540.0, -480.0, -420.0, -360.0, -300.0, -240.0, -180.0, -120.0, -60.0, 0.0, 60.0, 120.0, 180.0, 240.0, 300.0]]], "57": [-103.06828605010256, [[33, 1618, 2511, 3759, 5893, 11072, 16157, 2325, 23], [-420.0, -360.0, -300.0, -240.0, -180.0, -120.0, -60.0, 0.0, 60.0, 120.0]]], "58": [-127.07642260633132, [[1002, 3606, 6038, 9376, 13781, 19319, 28476, 31550, 9193, 1233, 2], [-480.0, -420.0, -360.0, -300.0, -240.0, -180.0, -120.0, -60.0, 0.0, 60.0, 120.0, 180.0]]], "59": [-178.98849096352146, [[118, 933, 1406, 2115, 3265, 4209, 7059, 7586, 10968, 7380, 56], [-600.0, -540.0, -480.0, -420.0, -360.0, -300.0, -240.0, -180.0, -120.0, -60.0, 0.0, 60.0]]],