{"0": 70.85066761757597, "1": 79.42397509081474, "10": 88.55331158596928, "14": 86.99563794983642, "15": 65.44427559709838, "16": 72.59677955635776, "17": 77.09120482540112, "18": 86.32365314499886, "19": 88.74325064559042, "2": 88.68504684469025, "21": 88.07527859138807, "22": 80.43701422495967, "24": 90.23745433570467, "26": 83.15231920866194, "27": 83.65287375695264, "28": 81.19928338075667, "29": 92.44472721488786, "30": 93.2012949914302, "31": 87.75304201002075, "32": 80.61763734448971, "33": 81.91542881351445, "34": 89.25003517658647, "35": 92.3577974702719, "36": 92.50758258873678, "37": 69.96457390277504, "38": 74.35215337338899, "39": 77.81381672678772, "40": 81.52244764931149, "41": 73.79326286590876, "42": 81.59978559072194, "43": 82.4802036199095, "44": 84.50470160085828, "45": 87.22337606531548, "46": 90.13682519648901, "48": 89.90830665726222, "5": 76.64744526603673, "50": 55.36094287117368, "51": 74.27107820778218, "52": 89.57553058676653, "53": 85.4700163712432, "54": 79.42103627403098, "55": 79.69990062007474, "56": 70.90421714719912, "57": 89.85001292991983, "58": 84.10861683252332, "59": 79.10022536888208, "6": 88.11621741728857, "60": 83.41065066118271, "61": 88.5718900801583, "62": 76.53451271521087, "63": 82.02695854869768, "64": 88.08669889287386, "65": 82.82642421618502, "66": 86.68108776266996, "68": 85.20253971774753, "7": 88.68001802023181, "8": 89.26056338028168}